form	count	children	category	sample_context	spanish
hoy	223	Mateo(210); Francisco(10); Isabel(3)		¿hoy? | ¿hoy?	¿qué? | ¿qué?
ix	221	Mateo(156); Yeseña(47); Isabel(15); Francisco(3)		b'at wil ix nene'. | ix wila'.	voy ir ha ver a la nena. | lo ví.
ni	193	Mateo(89); Yeseña(63); Isabel(34); Brendo(4); Francisco(3)		 | ni´i´.	aquí esta mi caballo. | aquí está.
ma'ay	162	Mateo(84); Francisco(63); Yeseña(10); Isabel(5)		ma'ay. | ma'ay.	no. | no.
ni'i	160	Mateo(104); Yeseña(26); Francisco(23); Isabel(7)		ni'i. | ni'i.	mirá. | mirá.
tik	108	Mateo(59); Yeseña(33); Isabel(11); Brendo(3); Francisco(2)		ha nok´ tik. | ni nok´ hinchej tik.	es esto. | aquí esta mi caballo.
hi'	108	Mateo(78); Isabel(15); Yeseña(8); Francisco(7)		hi'. | hi'.	sí. | sí.
chi'	103	Mateo(61); Yeseña(22); Isabel(18); Francisco(2)		in nok' chi'. | ha t'ay chi'.	allí está. | allí.
hin	101	Mateo(90); Yeseña(7); Francisco(2); Isabel(2)		hin karro. | nok' hin wol.	mi carro. | mi pelota.
yo	99	Mateo(90); Isabel(4); Yeseña(4); Francisco(1)		yo! | ¡yo!.	ho! | ¡oh!.
ha	94	Mateo(64); Isabel(13); Yeseña(13); Brendo(3); Francisco(1)		ha´in. | ha nok´ tik.	yo. | es esto.
weno	89	Yeseña(51); Mateo(30); Francisco(6); Isabel(2)		weno. | weno.	bueno. | bueno.
ay	80	Mateo(41); Isabel(21); Yeseña(11); Francisco(6); Brendo(1)		ma´ay. | ay.	no. | hoo.
nunin	76	Mateo(34); Isabel(30); Yeseña(10); Francisco(2)		nunin. | nunin.	mamá. | mamá.
nok'	73	Mateo(48); Yeseña(16); Francisco(5); Isabel(4)		ikut nok'. | ni nok'.	traeme la pelota. | aquí está.
t'ay	71	Mateo(65); Yeseña(3); Isabel(2); Francisco(1)		ha t'ay chi'. | t'ay chi'.	allí. | ahí.
kak'	67	Mateo(64); Yeseña(2); Isabel(1)		kak' karro. | kak' tajnel.	juguemos ha carro. | jugamos.
o	64	Isabel(27); Mateo(26); Yeseña(11)		ak'kot wib'an o ak'kot t'a yich hinpatik. | tz'em punhnajok o tz'em latnajok.	damelo en la espalda. | se caé.
ni'	62	Yeseña(53); Isabel(6); Mateo(3)		ni'. | ni' tik.	ten. | aquí está.
wol	61	Mateo(55); Francisco(4); Isabel(2)		nok' hin wol. | wol.	mi pelota. | gol.
an	56	Mateo(53); Isabel(2); Francisco(1)		yam chi an. | an.	agarrá eso pues. | an.
lemach	52	Mateo(50); Yeseña(2)		lemach. | lemach.	venga. | ven√≠.
nene'	45	Mateo(25); Yeseña(11); Isabel(8); Francisco(1)		b'at wil ix nene'. | nene'.	voy ir ha ver a la nena. | nene.
a	40	Mateo(36); Yeseña(3); Isabel(1)		a /b'i. | ha ix mama.A	escucha. | fue mam·.
el	36	Mateo(36)		el ni√±o imitan unos sonidos. | imita el sonido del carro.	el ni√±o imitan unos sonidos. | imita el sonido del carro.
karro	35	Mateo(27); Isabel(4); Yeseña(3); Francisco(1)		hin karro. | kak' karro.	mi carro. | juguemos ha carro.
k'en	31	Mateo(25); Yeseña(4); Brendo(1); Isabel(1)		malaj k'en. | k'en karro.	no hay. | el carro.
tas	30	Mateo(21); Isabel(6); Francisco(2); Yeseña(1)		¿tas? | tas?	¿qué? | que?
winh	30	Yeseña(14); Mateo(13); Isabel(3)		winh hinmam. | ix b'at winh t'a chi'.	mi papá. | él se fue para ya.
jun	30	Mateo(19); Yeseña(6); Isabel(5)		b'ajtil ayek' winh jun. | jun elxo.	donde se encuentra él pues. | otra vez.
nun	30	Yeseña(13); Mateo(11); Isabel(6)		ha' ixin nun tik. | nun o nunin.	está es mi mamá. | mamá.
junxo	30	Mateo(28); Yeseña(2)		junxo k'entik. | junxo k'en chi.	otro mi carro. | es el otro.
ewin	30	Yeseña(29); Mateo(1)		elanh ewin. | Ewin.	eva quitate. | E.
t'a	28	Yeseña(16); Mateo(9); Isabel(3)		ak'kot wib'an o ak'kot t'a yich hinpatik. | ix b'at winh t'a chi'.	damelo en la espalda. | él se fue para ya.
mamin	27	Yeseña(15); Isabel(9); Mateo(2); Francisco(1)		mamin. | mamin.	papá. | papá.
tzin	27	Mateo(11); Yeseña(8); Francisco(5); Isabel(3)		tzin emi. | tzin emi.	bajenme. | bajame.
otela	27	Mateo(27)		otela. | otela.	otela.(nombre del perro). | otela.(nombre del perro)
put	27	Mateo(27)		wak' put. | ni hin put chi'.	voy a jugar fut. | ahi esta mi fut.
in	26	Mateo(24); Brendo(1); Francisco(1)		ha´in. | in nok' chi'.	yo. | allí está.
b'at	26	Mateo(18); Yeseña(5); Isabel(2); Francisco(1)		b'at wil ix nene'. | ix b'at ix.	voy ir ha ver a la nena. | se fue ella.
ho	26	Isabel(24); Yeseña(2)		ho. | ho u hoy.	¡oh!. | ¡oh! o si.
i'	25	Yeseña(22); Mateo(2); Isabel(1)		i'. | i'.	si. | si.
han	24	Yeseña(16); Mateo(5); Isabel(3)		hinkuch ix han. | han.	la cargo pues. | pues.
tajnel	23	Mateo(19); Yeseña(3); Francisco(1)		tajnel. | kak' tajnel.	jugar. | jugamos.
elanh	23	Mateo(16); Yeseña(4); Francisco(3)		elanh. | elanh.	salite. | salite.
ana	23	Mateo(20); Yeseña(3)		ix ana. | yak'an ix ana.	ana. | hac√≠a ana.
te'	22	Yeseña(18); Mateo(3); Isabel(1)		te'. | ni te'.	palo. | aqui esta.
chi	21	Mateo(15); Yeseña(3); Isabel(2); Francisco(1)		yam chi an. | Malpal xa chi.	agarrá eso pues. | María decí.
womwa	21	Mateo(21)		ha womwa. | ha womwa.	es bomba. | es bomba.
junchi'	20	Mateo(19); Francisco(1)		junchi'. | ¬øtas junchi'?	ese. | ¬øqu√© es ese?
lolo'	20	Mateo(16); Isabel(4)		lolo' (pek'al). | lolo' (pek'al).	glotones. | glotones.
esta	19	Mateo(19)		el ni√±o esta toseando. | el ni√±o esta toseando.	el ni√±o esta toseando. | el ni√±o esta toseando.
tek'	18	Mateo(14); Yeseña(3); Francisco(1)		tek'. | ix hin tek' k'en karro.	patear. | pateo el carro.
wil	17	Mateo(15); Francisco(1); Yeseña(1)		b'at wil ix nene'. | /wil tele.	voy ir ha ver a la nena. | voa a ver tele.+ M
lem	17	Mateo(9); Isabel(5); Yeseña(3)		lem. | lem.	ven o vení. | ven.
ixta'	17	Mateo(10); Yeseña(7)		ixta'. | ixta'.	ya est√°. | ya est√°.
sb'at	17	Mateo(16); Yeseña(1)		ni sb'at k'en karro chi'. | sb'at nok'.	alli va el carro. | se va.
geni	16	Isabel(16)		geni. | geni.	geni. | Geni.
kak'xi	16	Mateo(16)		kak'xi tajnel, kak'xi tajnel. | kak'xi tajnel, kak'xi tajnel.	jugamos otra vez, jugamos otra vez. | jugamos otra vez, jugamos otra vez.
mama	16	Mateo(14); Yeseña(2)		mama hi wa'ok. | ha ix mama.	mami voy a comer. | la mam·.
to	15	Isabel(7); Mateo(4); Yeseña(4)		to wik k'ak payu' tik. | to.	es que es mío el panuelo. | to.
yak'ani	15	Mateo(15)		yak'ani. | ( ). yak'ani.	as√≠ lo hizo. | ( ) dec√≠a.
mansan	15	Yeseña(15)		mansan. | mansan.	manzana. | manzana.
yadira	15	Yeseña(15)		Yadira. | Yadira.	Yadira. | Yadira.
malaj	14	Mateo(6); Isabel(3); Yeseña(3); Brendo(2)		malaj nok´. | malaj k'en.	no esta. | no hay.
tumin	14	Mateo(13); Francisco(1)		tumin. | ak' junok hin tumin.	dinero. | dame un dinero.
chillando	14	Mateo(14)		el ni√±o esta chillando. | el  ni√±o esta chillando.	el esta ni√±o chillando. | el ni√±o esta chillando
edwinh	14	Mateo(14)		/kak' wol edwinh. | /ni edwinh.	juguemos pelota Edvin. | tenh E.
punh	13	Mateo(10); Francisco(3)		punh. | punh.	( ). | ( ).
b'ajay	13	Mateo(6); Yeseña(4); Francisco(3)		¿b'ajay k'e'en? | ¿b'ajay?	¿dónde está? | ¿dónde está.
yam	13	Mateo(11); Francisco(1); Yeseña(1)		yam chi an. | manh ha yam laj ix.	agarrá eso pues. | no toque a ella.
ol	13	Mateo(8); Yeseña(5)		to ol jawok nok. | ol el punh naj ix.	esque va ha venir un animal. | se va caer ella.
ab'i	13	Mateo(13)		ab'i. | ab'i.	oye. | escucha.
ha'in	13	Yeseña(10); Mateo(3)		ha'in xo. | ha'in.	ahora yo. | yo.
nena	13	Mateo(12); Yeseña(1)		ni ix nena. | /ni ix nena.	mira la nena. | mira la nena.
nulej	13	Yeseña(13)		nulej ni hatek. | nulej.	hermana aquí tienes tu comida. | hermana.
lina	12	Isabel(9); Yeseña(3)		Lina o Axul. | Lina o Axul.	A. | A.
tek	12	Yeseña(11); Mateo(1)		hin tek. | tek.	mi comida. | comida.
kape	12	Yeseña(12)		kape. | kape.	café. | café.
xapon	12	Yeseña(12)		xapon. | xapon chi'.	jabón. | jabón pues.
ixin	11	Mateo(6); Isabel(2); Yeseña(2); Francisco(1)		ixin k'unb'i. | ha' ixin nun tik.	me cansé. | está es mi mamá.
k'e'en	11	Mateo(9); Francisco(1); Yeseña(1)		¿b'ajay k'e'en? | kak' tajnel in k'e'en.	¿dónde está? | aqu√≠ est√° tu juguete jugamos.
juntik	11	Mateo(9); Francisco(2)		juntik. | ilnab' juntik.	esto. | mire esto.
mi	11	Yeseña(10); Isabel(1)		mi. | deja en mi lado.	mi. | ak'em t'a hintzeya'.
la	11	Yeseña(10); Mateo(1)		tek' la  wol. | la señorita.	patea la pelota. | ix kopes.
i	10	Brendo(6); Isabel(3); Yeseña(1)		 | ni´i´.	si. | si.
ak'	10	Mateo(9); Francisco(1)		ak' wol. | ak'.	juega pelota. | dame.
em	10	Mateo(8); Isabel(1); Yeseña(1)		ix em wuk'ab'. | konh em kuman.	se cayó mi plato. | nos ponemos derrodillas.
te	10	Mateo(6); Yeseña(3); Isabel(1)		te. | yo ha'inxo ixin chonh te tik.	te. | y yo vend√≠ este palo.
mam	10	Mateo(5); Yeseña(3); Isabel(2)		mam. | mam.	mam. | mam.
ichatik	10	Mateo(10)		ichatik tzin ajk'i'i. | ichatik.	as√≠ voy a pararme. | as√≠ es.
yolonhte'	10	Yeseña(10)		Yolonhte' | Yolonhte'.	Aldea Yolonhte'. | Aldea Yolonhte'.
ini	9	Mateo(4); Yeseña(4); Francisco(1)		ini tik. | ini nok'chi.	aquí está. | all√≠ esta  el perro.
axul	9	Isabel(6); Yeseña(3)		Lina o Axul. | Lina o Axul.	A. | A.
chej	9	Yeseña(7); Isabel(2)		nok' chej. | nok' chej.	el caballo. | el caballo.
malin	9	Yeseña(7); Isabel(1); Mateo(1)		Malpal o Malin. | ix malin.	María. | maria.
yonh	9	Mateo(5); Isabel(3); Yeseña(1)		yonh. | ¡yonh!	¡oh!. | ¡oh!
ta	9	Isabel(5); Mateo(2); Yeseña(2)		ta. | ta.	ta. | ta.
hi	9	Mateo(5); Yeseña(4)		tzaxo hi jarik'i. | hi gayeta.	ya puedo atracar. | mi galleta.
karo	9	Mateo(9)		kak' karo. | kak' karo yet' ix.	jugamos carro. | jugamos carro con ella.
juk'wanh	9	Yeseña(9)		juk'wanh han. | juk'wanh.	lavá pues (ropa). | lavá (lavar ropa).
m	8	Mateo(4); Yeseña(3); Isabel(1)		m. | hin wol, junxo hin wol.+ M	m. | mi pelota, otra mi pelota.
mmm	8	Isabel(4); Yeseña(4)		mmm. | mmm gol.	mmm. | mmm gol.
ko	8	Mateo(5); Yeseña(2); Isabel(1)		ko. | ko jul ke.	co. | amos a tirar vos.
haxo	8	Mateo(6); Yeseña(2)		haxo k'en tuktuk. | haxo junchi'.	ahora el tuctuc. | el otro.
kuman	8	Mateo(8)		emam kuman t'achi'an. | emam kuman.	incate all√≠. | incate.
ponh	8	Mateo(8)		ponh. | ponh /yak'ani.	( ). | pum dice.
ixim	8	Mateo(6); Yeseña(2)		ha ixim chi'. | ha ixim hin kelleta.	es esa galleta. | una mi galleta.
wo'och	8	Yeseña(5); Mateo(3)		/ak' wo'och. | wo'och.	dame comida. | mi comida.
yama'	8	Yeseña(5); Mateo(3)		/yama'. | /yama'.	agarralo. | agarra.
lusin	8	Yeseña(8)		ix nun Lusin. | ix Lusin.	Doña Lucia. | La Lucía.
cha'ab'	8	Yeseña(8)		cha'ab'. | cha'ab'.	dos. | dos.
nholob'	8	Yeseña(8)		ni nholob'. | nholob'.	tenga huevo. | huevo.
xela	8	Yeseña(8)		hat'a xela. | ha/t'a xela.	en Xela. | allí en Xela.
nok	7	Brendo(4); Mateo(2); Yeseña(1)		ha nok´ tik. | malaj nok´.	es esto. | no esta.
konhach	7	Mateo(4); Yeseña(2); Francisco(1)		konh, konhach. | konhach.	vamos, vamos. | vamos.
de	7	Yeseña(5); Isabel(2)		hann (sonido de los carros). | 	hann (sonido de los carros). | ix nene' ix Tatey (Malin).
pek'al	7	Isabel(7)		lolo' (pek'al). | lolo' (pek'al).	glotones. | glotones.
wixta'	7	Yeseña(3); Isabel(2); Mateo(2)		wixta'. | wixta'.	mi juguete. | mi juguete.
gol	7	Mateo(4); Isabel(3)		gol (wol). | gol (wol).	gol. | gol.
tin	7	Isabel(7)		tin. | tin.	tin. | tin.
ta'	7	Mateo(5); Isabel(1); Yeseña(1)		hin ta'. | wawtej winh ta'.	yo allí. | llamo √©l all√≠.
wa'il	7	Yeseña(4); Mateo(3)		wa' ha wa'il. | wa' ha wa'il.	come tu tortilla. | come tu tortilla.
b'ati	7	Mateo(5); Yeseña(2)		a'intik, tik tzin b'ati. | b'ajtil tzonh b'ati?	yo ya me voy. | a donde nos vamos?
xuwan	7	Yeseña(6); Mateo(1)		xuwan ix. | Xuwan.	ella es J. | Juana.
chamanh	7	Yeseña(4); Mateo(3)		chamanh. | /chamanh.	muerete. | muere.
yulch'en	7	Yeseña(7)		i' t'a Yulch'en. | Yulch'en.	si en la Aldea de Yulch'en. | Aldea Yulch'en.
anhb'al	7	Yeseña(7)		anhb'al. | syuk' anhb'al.	medicina. | va a tomar medicina.
wicham	7	Yeseña(7)		ix wicham. | winh wicham.	tía. | tío.
mach	6	Mateo(4); Brendo(1); Yeseña(1)		mach. | mach?	cuál. | qui√©n?
en	6	Yeseña(5); Brendo(1)		hak´en kuchwajum. | deja en mi lado.	es carro. | ak'em t'a hintzeya'.
konh	6	Mateo(3); Francisco(1); Isabel(1); Yeseña(1)		konh, konhach. | konh.	vamos, vamos. | vamos.
malpal	6	Isabel(6)		Malpal xa chi. | Malpal.	María decí. | María.
pa	6	Isabel(4); Yeseña(2)		pa. | pa.	pa. | pa.
xi	6	Mateo(4); Isabel(1); Yeseña(1)		weno xi ix. | ak' hip xi.	bueno dice ella. | dale fuerza dice.
am	6	Isabel(6)		am. | am.	am. | am.
pat	6	Yeseña(4); Isabel(1); Mateo(1)		pat. | t'ay chi', t'ay pat.	casa. | ahi en casa.
ji	6	Isabel(4); Yeseña(2)		ji. | ji.	ji. | ji.
no	6	Yeseña(3); Mateo(2); Isabel(1)		no. | 	no. | ma'ay.
k'entik	6	Mateo(6)		junxo k'entik. | in chelb'at k'entik.	otro mi carro. | lo llevo este.
antun	6	Mateo(6)		Antun. | antun, antunnn.	Antonio. | Antono, antonio.
t'ayin	6	Mateo(6)		lemach t'ayin. | tek'kut t'ayin edwinh.	ven√≠ a m√≠. | patealo conmigo E.
v	6	Mateo(6)		elanh V. | jelanach V.	V sal√≠. | V lista.
wak'	6	Mateo(6)		wak' jakxo et'ok. | wak' tajnel.	voy a jugar otro poco contigo. | voy a jugar.
ju'un	6	Mateo(3); Yeseña(3)		ju'un. | ju'un.	uno. | uno.
ke	6	Mateo(6)		tas ha b'i ke? | ko jul ke.	como te llamas vos? | amos a tirar vos.
jul	6	Mateo(6)		jul. | /jul.	tirar. | tirar.
k'e	6	Yeseña(5); Mateo(1)		tzin k'e linhan. | olach k'e ika.	me pongo de pie. | te vas a subir en el temascal.
yune'	6	Yeseña(6)		yune'. | yune'.	nena. | nena.
wajxake'	6	Yeseña(6)		wajxake'. | wajxake'.	ocho. | ocho.
hanok'	6	Yeseña(6)		hanok' kalnel. | hanok'.	es la oveja. | es el (se refiere al hhuevo).
salchicha	6	Yeseña(6)		salchicha. | salchicha.	salchicha. | salchicha.
yol	6	Yeseña(6)		t'a Yol onhte'. | Yol onhte'.	en la Aldea Yol onhte'. | Yol onhte'.
mis	6	Yeseña(6)		mis ojos. | mis pies.	yol hinsat. | wo'ok'.
k'unb'i	5	Francisco(3); Mateo(2)		ixin k'unb'i. | tzin k'unb'i.	me cansé. | me canso.
eli	5	Mateo(4); Francisco(1)		eli. | /lemach eli.	salir. | venga eli.
emanh	5	Mateo(4); Isabel(1)		emanh k'ojan. | emanh /kuman.	sentate. | ponete derrodillas.
olin	5	Mateo(3); Isabel(1); Yeseña(1)		olin kuch ix. | manh olin /b'atlaj.	la voy ha cargar. | no voy a ir.
ikot	5	Mateo(2); Yeseña(2); Isabel(1)		ikot chi'. | ikot juntzantik nun.	traé eso. | mam√° traeme estos.
ha'	5	Isabel(4); Yeseña(1)		ha' ixin nun tik. | ha'.	está es mi mamá. | agua.
tit	5	Isabel(5)		tit. | tit.	tit. | tit.
ya'	5	Mateo(3); Isabel(1); Yeseña(1)		ya'. | /ya'.	duele. | duele.
och	5	Mateo(5)		ix och chak'najok. | lemach, ni' och.	se accident√≥. | ven√≠ tene tu tortilla.
hannn	5	Mateo(5)		han hannn. | hannn.	( ). | ( ),
jelanach	5	Mateo(5)		jelanach an. | jelanach V.	listo pues. | V lista.
tono	5	Mateo(5)		Tono (Antun). | Tono (antun)	Antonio. | Antonio.
manto	5	Mateo(5)		manto kik'illaj. | manto b'ela.	no hemos quitado. | espera por favor.
k'apak	5	Mateo(4); Yeseña(1)		¬øyo tom malaj sb'olxaxil k'apak? | ha k'apak kamix.	¬øa poco  no tiene bolsa? | es la camisa.
wach'	5	Mateo(3); Yeseña(2)		wach' yam winh an. | wach'?	bueno agarralo √©l. | esta bien?
icha	5	Yeseña(4); Mateo(1)		¬øicha tik? | icha tontik.	¬øas√≠? | eso así es.
b'uch	5	Mateo(5)		hin b'uch. | hin b'uch.	mi nixtamal. | mi nixtamal.
ik'kut	5	Mateo(5)		/ik'kut nok' an. | /ik'kut no'.	traelo pues. | trelo.
schumama	5	Mateo(5)		schumama. | schumama.	dejalo. | dejalo.
nok'tik	5	Mateo(5)		/ni nok'tik. | junxo nok'tik.	zqui esta? | el otro.
ayik'	5	Mateo(5)		ayik' ix. | ayik' ix t'ay tik.	ella est·. | est· ella aqui.
t'aytik	5	Mateo(5)		t'aytik. | t'aytik.	aqui. | aqui.
mamá	5	Mateo(3); Yeseña(2)		mamá. | yo mamá!.	mamá. | oh mamá!
mm	5	Yeseña(5)		mm. | mm.	mm. | mm.
chichim	5	Yeseña(5)		chichim. | ix nun chichim.	anciana. | la abuela.
y	5	Yeseña(5)		Y. | Y.	Y. | Y.
e	5	Yeseña(5)		e. | si va ha ser E.	e. | i' ha' ix Ewin.
remeyo	5	Yeseña(5)		remeyo chi'. | uk' remeyo tik.	la medicina. | tomate esta medicina.
emi	4	Francisco(2); Mateo(2)		tzin emi. | tzin emi.	bajenme. | bajame.
ik'kuti	4	Francisco(2); Mateo(2)		ik'kuti. | ik'kuti.	traelo. | traelo.
wik	4	Isabel(2); Mateo(1); Yeseña(1)		to wik k'ak payu' tik. | wik chi'.	es que es mío el panuelo. | mía esa.
hann	4	Isabel(2); Mateo(2)		hann (sonido de los carros). | hann hannnnnnn.	hann (sonido de los carros). | hann hannnnnnn. (sonido de los carros).
sonido	4	Mateo(3); Isabel(1)		hann (sonido de los carros). | imita el sonido del carro.	hann (sonido de los carros). | imita el sonido del carro.
los	4	Mateo(3); Isabel(1)		hann (sonido de los carros). | los ni√±os chillan	hann (sonido de los carros). | los ni√±os chillan
hinmam	4	Yeseña(3); Isabel(1)		winh hinmam. | winh hinmam.	mi papá. | mi papá.
b'atok	4	Mateo(3); Isabel(1)		b'atok. | hin b'atok.	se va. | me voy.
alo	4	Isabel(4)		alo o tajxi. | alo o tajxi.	alo o diga. | alo.
tajxi	4	Isabel(3); Yeseña(1)		alo o tajxi. | alo o tajxi.	alo o diga. | alo.
pan	4	Isabel(3); Yeseña(1)		pan. | pan.	pan. | pan.
hu	4	Isabel(4)		hu. | ¡hu!	hu. | ¡uh!
hanh	4	Yeseña(2); Isabel(1); Mateo(1)		hanh. | hanh hanh'.	tu planta. | ( ).
nhikan	4	Mateo(4)		nhikan. | nhikan hach.	alerta. | hay que estar lista.
xum	4	Mateo(4)		xum. | xum.	( ). | ( ).
hach	4	Mateo(4)		nhikan hach. | nhikan hach an.	hay que estar lista. | listo pues.
ha'ach	4	Mateo(4)		ha'ach. | ha'ach ixixtej.	esres t√∫. | usted lo destruyo.
hip	4	Mateo(4)		hip. | hip, hip.	fuerza. | duro, duro.
wa'	4	Mateo(3); Yeseña(1)		wa' ha wa'il. | wa' ha wa'il.	come tu tortilla. | come tu tortilla.
alex	4	Mateo(4)		Alex. | ha alex ol wala'.	Alex. | Alex voy a decir.
yet'	4	Mateo(2); Yeseña(2)		kak' karo yet' ix. | hin /tajnok yet' ix.	jugamos carro con ella. | /juego con ella.
del	4	Mateo(3); Yeseña(1)		imita el sonido del carro. | imitando el sonido del carro.	imita el sonido del carro. | imitando el sonido del carro.
tik'	4	Mateo(3); Yeseña(1)		nijunxo tik' yik' ( ). | nijunxo karo tik'.	aqui esta otro es de ( ). | aqui esta otro carro.
toseando	4	Mateo(4)		el ni√±o esta toseando. | el ni√±o esta toseando.	el ni√±o esta toseando. | el ni√±o esta toseando.
akoti	4	Mateo(4)		akoti. | akoti, akoti.	damelo. | damelo.
se	4	Yeseña(3); Mateo(1)		el ni√±o se esta chullando. | se.	el ni√±o se esta chullando. | se.
ixtej	4	Mateo(3); Yeseña(1)		ixtej karro ni'i. | ixtej karro nene¬¥.	aqu√≠ est√° tu carro hay que jugar. | juega con carro nena.
manh	4	Mateo(3); Yeseña(1)		manh ha yam laj ix. | manh hina tek'a' junxonhej rato weno hayaj ko b'at chi b'i'an.	no toque a ella. | no me pateas solo un rato buno y nos vamos.
wan	4	Mateo(3); Yeseña(1)		wan sk'eta ix. | malaj tas wan hin /k'ulani.	ella est√° subiendo. | no estoy haciendo nada.
wa'ok	4	Mateo(4)		hin wa'ok. | hin wa'ok.	quiero comer. | quiero comer.
max	4	Mateo(4)		max ellaj ix. | max k'elaj t'ay tik.	no sale ella. | no sube aqu√≠.
gayeta	4	Mateo(4)		hi gayeta. | gayeta.	mi galleta. | galleta.
kamix	4	Mateo(4)		hato t'ay chi ol och juntik t'a hin kamix tik. | ni hin kamix.	hasta all√≠ me van ha poner esto en mi camisa.. | mi camisa.
chab'	4	Mateo(4)		chab'. | chab' tik.	dos. | este es uno.
tzonh	4	Mateo(4)		b'ajtil tzonh b'ati? | tik tzonh emxi.	a donde nos vamos? | nos vajamos.
rato	4	Mateo(2); Yeseña(2)		jun rato. | manh hina tek'a' junxonhej rato weno hayaj ko b'at chi b'i'an.	mas tarde. | no me pateas solo un rato buno y nos vamos.
hatik	4	Mateo(4)		hatik. | hatik.	esto. | a qui.
yik	4	Mateo(2); Yeseña(2)		ak' ixim yik waj matin tik. | yik ix.	/dae uno a M. | es de ella.
pistola	4	Mateo(4)		hin pistola. | pistola.	mi pistola. | pistola.
manhxo	4	Mateo(4)		manhxo. | manhxo.	ya no. | ya no.
ixta	4	Mateo(3); Yeseña(1)		/al juntzanh ixta chi'. | ay ixta ta'.	pesa esos juguetes. | hay juguetes ahi.
winhin	4	Mateo(4)		winhin mam. | winhin papa.	mi padre. | mi padre.
kananh	4	Mateo(4)		/kananh. | /kananh b'at /wil ix A.	quedate. | quedate voy a ver a A.
sb'ati	4	Mateo(2); Yeseña(2)		yo /sb'ati! | yo /sb'ati!	oh se va! | oh se va!
wiko'	4	Yeseña(3); Mateo(1)		wiko'. | wiko'.	mio. | es mío.
si	4	Yeseña(3); Mateo(1)		si. | si va ha ser E.	( ). | i' ha' ix Ewin.
ich	4	Yeseña(4)		ich. | mam ich.	chile. | abuelito.
hatek	4	Yeseña(4)		nulej ni hatek. | ni' hatek	hermana aquí tienes tu comida. | ten tu comida.
nono'	4	Yeseña(4)		¡uyyy nok' nono'! | nono'.	¡uyyy el monstro!. | monstro.
huke'	4	Yeseña(4)		huke'. | huke'.	siete. | siete.
ika	4	Yeseña(4)		olach k'e ika. | ixach k'e ika.	te vas a subir en el temascal. | te subiste en el temascal
ko'och	4	Yeseña(4)		kak'och ko'och. | kob'itz'och ko'och.	torteamos tortilla. | torteamos nuestra tortilla.
tzon	4	Yeseña(4)		tzon k'e wanh. | tzon wayi.	nos levantamos. | vamos ha dormir.
escuchá	4	Yeseña(4)		escuchá. | escuchá.	hab'i. | hab'i.
tocá	4	Yeseña(4)		tocá. | tocá.	yama'. | yama'.
hat'a	4	Yeseña(4)		hat'a xela. | hat'a tik.	en Xela. | es aquí.
ikut	3	Mateo(2); Francisco(1)		ikut nok'. | ikut ix.	traeme la pelota. | traela ella.
tek'a'	3	Francisco(2); Mateo(1)		tek'a'. | tek'a'.	patea. | patea.
yamin	3	Mateo(2); Francisco(1)		yamin. | yamin.	agarrame. | agarrame.
ilnab'	3	Mateo(2); Francisco(1)		ilnab' juntik. | /ilnab' jun pusipus.	mire esto. | mira un globo.
he	3	Isabel(2); Yeseña(1)		he. | he.	eh. | ¡eh!.
u	3	Isabel(3)		ho u hoy. | u.	¡oh! o si. | u.
tz'em	3	Isabel(3)		tz'em punhnajok o tz'em latnajok. | tz'em punhnajok o tz'em latnajok.	se caé. | se caé.
hinpek'al	3	Isabel(3)		hinlolo' o hinpek'al. | tzik'ot hinpek'al.	mi glotón. | me traes glotones.
ak'a	3	Isabel(3)		ak'a. | ak'a.	dale. | dale.
mmmm	3	Isabel(2); Yeseña(1)		mmmm. | mmmm.	mmmm. | mmmm.
n	3	Mateo(2); Isabel(1)		N. | Mat√≠n.	N. | M .
ti	3	Mateo(2); Isabel(1)		ti ¡ay! | in junxo ti.	ti ¡ay! | aqui esta otro.
ja	3	Isabel(3)		ja. | ja.	ja. | ja.
aj	3	Isabel(3)		aj. | ¡aj!	¡aj! | ¡aj!
tonhej	3	Yeseña(2); Mateo(1)		tonhej. | tonhej.	nomas. | no más.
ha'inxo	3	Mateo(2); Yeseña(1)		yo ha'inxo ixin chonh te tik. | ha'inxo.	y yo vend√≠ este palo. | ahora yo.
otelo	3	Mateo(3)		otelo. | otelo.	otelo.(nombre del perro). | otela (nombre del perro).
tasb'ani	3	Mateo(3)		tasb'ani. | ¬øtasb'ani?	que dice. | ¬øc√≥mo dijiste?
emam	3	Mateo(3)		emam kuman t'achi'an. | emam kuman.	incate all√≠. | incate.
wawtej	3	Mateo(3)		wawtej winh ta'. | wawtej..	llamo √©l all√≠. | lo llamo.
nh'	3	Mateo(3)		nh' | nh' nh'.	ahora. | ( ).
lemach'an	3	Mateo(3)		lemach'an. | lemach'an.	ven√≠ pues. | ven√≠ pues.
tak'wanh	3	Mateo(3)		tak'wanh nun. | tak'wanh Ixchel.	responde mam√°. | Ixchel contesta.
wa'i	3	Yeseña(2); Mateo(1)		to tzech wa'i. | wa'i.	van ha comer. | comiendo.
carro	3	Mateo(3)		imita el sonido del carro. | imitando el sonido del carro.	imita el sonido del carro. | imitando el sonido del carro.
nijunxo	3	Mateo(3)		nijunxo tik' yik' ( ). | nijunxo kokaro tik.	aqui esta otro es de ( ). | aqui tenemos otro carro.
imitando	3	Mateo(3)		imitando el sonido del carro. | imitando cansancio el ni√±o.	imitando el sonido del carro. | imitando cansancio el ni√±o.
tanhwej	3	Mateo(2); Yeseña(1)		tanhwej b'ela'. | tanhwej b'ela.	esperala. | esperate.
k'entik'	3	Mateo(3)		jelanach t'a junxo k'entik'. | junxo k'entik'.	lista a este otro carro. | el otro carro.
kixta	3	Mateo(3)		kixta an nun. | kixta lemach.	nuestra juguete mam√°. | nuestra juguete ven√≠.
chilla	3	Mateo(3)		el ni√±o chilla. | el ni√±o chilla.	el ni√±o chilla. | el ni√±o chilla.
os	3	Mateo(3)		los ni√±os chillan | los ni√±os chillan.	los ni√±os chillan | los ni√±os chillan.
chillan	3	Mateo(3)		los ni√±os chillan | los ni√±os chillan.	los ni√±os chillan | los ni√±os chillan.
hay	3	Yeseña(2); Mateo(1)		hay. | hay.	( ). | ¡ay!.
l	3	Yeseña(2); Mateo(1)		yo tz√©l k'e'en. | L.	ho se est√° saliendo. | Lina o Axul.
b'ajti'il	3	Mateo(3)		b'ajti'il? | ¬øb'ajti'il?	d√≥nde? | ¬ød√≥nde?
ho'och	3	Yeseña(2); Mateo(1)		¬øho'och? | ni ho'och.	¬øtortilla? | ten tus tortillas.
al	3	Mateo(3)		al ix. | al ix.	pesa ella. | pesa ella.
kani	3	Mateo(3)		kak' kani. | ix kani.	dejamoslo. | se quedÛ.
ha'intik	3	Mateo(3)		ha'intik. | ha'intik.	yo. | yo.
hato	3	Yeseña(2); Mateo(1)		hato t'ay chi ol och juntik t'a hin kamix tik. | hato kik'an.	hasta all√≠ me van ha poner esto en mi camisa.. | hasta mañana.
chanhe'	3	Yeseña(2); Mateo(1)		chanhe'. | chanhe'.	cuatro. | cuatro.
wala'	3	Yeseña(2); Mateo(1)		ha alex ol wala'. | wala'.	Alex voy a decir. | voy a decir.
malajin	3	Mateo(3)		malajin. | malajin.	no estoy. | no estoy.
b'o	3	Yeseña(2); Mateo(1)		b't /b'o hin komida. | hin b'o han is.	ve a hacer mi comida. | arreglemos la papa.
woltik	3	Mateo(3)		nok' woltik. | hin woltik.	la pelota. | mi pelota.
keneya	3	Yeseña(2); Mateo(1)		hin keneya. | keneya.	mi banano. | banano.
kalleta	3	Mateo(3)		hin kalleta. | hi /k'ux jun kalleta tik.	mi galleta. | voy a comer esta galleta.
matin	3	Mateo(2); Yeseña(1)		ak' ixim yik waj matin tik. | xal nok'a lopil matin?	/dae uno a M. | M y tu capixay?
emxi	3	Mateo(3)		tik tzonh emxi. | ix emxi ix.	nos vajamos. | ya se fue ella.
tek'kut	3	Mateo(3)		tek'kut t'ayin edwinh. | /tek'kut t'ayin.	patealo conmigo E. | patelo conmigo.
winhaj	3	Mateo(3)		ha winhaj alex. | ha winhaj edwinh.	es Alex. | fue E.
mexa	3	Yeseña(2); Mateo(1)		ha te mexa. | mexa.	es la mesa. | mesa.
ak'kuti	3	Mateo(3)		/ak'kuti. | /ak'kuti.	damelo. | damelo.
papa	3	Mateo(2); Yeseña(1)		winhin papa. | sman winhin papa.	mi padre. | mi padre me compra.
mana'	3	Yeseña(2); Mateo(1)		ixin /mana'. | mana'.	lo compre. | compra.
yib'anh	3	Mateo(3)		t'ay yib'anh ix el ix. | yo ha yib'anh jun karro.	ella saliÛ arriba. | oh arriba de un carro.
yeli	3	Mateo(3)		yeli. | punh /yeli.	salio. | se explotÛ.
anh	3	Yeseña(2); Mateo(1)		anh. | hinyam anh.	planta. | lo agarro.
moto	3	Mateo(3)		/kak' moto. | hin moto.	juguemos moto. | mi moto.
unin	3	Yeseña(2); Mateo(1)		unin. | ix unin tik.	niño. | la niña esta.
emok	3	Mateo(3)		hin /emok. | hin /emok.	me bajo. | me bajo.
t'aychi'	3	Mateo(3)		t'aychi'. | t'aychi'.	ahi. | ahi.
tz'i'	3	Mateo(2); Yeseña(1)		nok' tz'i'. | ha nok' tz'i'.	el perro. | es el perro.
karambola	3	Mateo(3)		yo sb'at k'en karambola. | karambola.	oh se va la canica. | canica.
papis	3	Yeseña(3)		papis o wo'och. | papis o wo'och.	tortillas. | tortilla.
ikoti'	3	Yeseña(3)		ikoti'. | ikoti'.	traigalo. | traélo o traígalo.
b'alunhe'	3	Yeseña(3)		b'alunhe'. | b'alunhe'.	nueve. | nueve.
hoye'	3	Yeseña(3)		hoye'. | hoye' wa'il.	cinco. | cinco tortillas.
chay	3	Yeseña(3)		chay. | chay.	pescado. | pescado.
kopes	3	Yeseña(3)		kopes. | kopes.	jovencita. | jovencita.
onhte'	3	Yeseña(3)		t'a Yol onhte'. | Yol onhte'.	en la Aldea Yol onhte'. | Yol onhte'.
lusi	3	Yeseña(3)		Lusi. | lusi.	Lusi. | Lucía.
wanhb'al	3	Yeseña(3)		wanhb'al chi'. | wanhb'al.	mi medicamento pues. | mi medicina.
tzaji'	3	Yeseña(3)		tzin tzaji'. | tzin tzaji'.	me cago. | me cago.
xanhab'	3	Yeseña(3)		xanhab'. | mamin nok' xanhab'.	zapato. | papá el zapato.
hintek'	3	Yeseña(3)		hintek', hintek'. | hintek', hintek'.	mi comida, mi comida. | mi comida, mi comida.
pech	3	Yeseña(3)		wo'och o pech. | ha nok' pech.	tortilla(pedir) o pato. | es un pato.
ten	3	Yeseña(3)		ten o tenga allí. | ten.	ni' t'ay. | ni'.
es	3	Yeseña(3)		es que lo va ha tomar. | es usted.	to syuk'ej. | ha'ach.
aquí	3	Yeseña(3)		aquí. | aquí está.	t'a tik. | ni' tik.
está	3	Yeseña(3)		aquí está. | donde está tu corral.	ni' tik. | b'ajay hamakte'.
él	3	Yeseña(3)		en la casa de él. | en la casa de él.	t'a sb'at winh. | t'a spat winh.
ana'	3	Yeseña(3)		Ana' Lusin. | Ana' Lusin.	Ana Lucía. | Ana lucía.
katal	3	Yeseña(3)		tas syak' ix Katal t'ayach. | katal.	que es lo que Catarina te dá. | catarina.
s	3	Yeseña(3)		s/yuk' yuk'em nok'. | s/b'at mik.	toma su atol el animal. | se va la basura.
kokape	3	Yeseña(3)		haxo kokape. | kokape.	ahora nuestra café. | nuestra café.
chich	3	Yeseña(3)		/ni nun chich o nun chichim. | nun chich.	ten abuelita. | abuelita.
karlos	3	Yeseña(3)		/tajnel yet' karlos. | karlos.	juego con C. | C.
kopat	3	Yeseña(3)		sk'e te' kopat. | to sko/b'o te' kopat.	se construye nuestra casa. | es que vamos a hacer nuestra casa.
ma	2	Brendo(1); Yeseña(1)		ma´ay. | ma.	no. | ma.
munil	2	Francisco(1); Mateo(1)		munil. | munil.	ya basta. | dejala.
payu'	2	Isabel(2)		payu'. | to wik k'ak payu' tik.	panuelo. | es que es mío el panuelo.
k'ak	2	Isabel(1); Yeseña(1)		to wik k'ak payu' tik. | k'ak.	es que es mío el panuelo. | fuego.
ak'kot	2	Isabel(2)		ak'kot wib'an o ak'kot t'a yich hinpatik. | ak'kot wib'an o ak'kot t'a yich hinpatik.	damelo en la espalda. | damelo en la espalda.
xapin	2	Isabel(2)		Xapin. | chel Xapin.	Sebastián. | cargá Sebastián.
punhnajok	2	Isabel(2)		tz'em punhnajok o tz'em latnajok. | tz'em punhnajok.	se caé. | se caé.
k'ojan	2	Isabel(1); Mateo(1)		emanh k'ojan. | emanh /k'ojan.	sentate. | tome aciento.
xepel	2	Isabel(2)		isa o Xepel. | Xep o Xepel.	I. | Isa o I.
tzik'ot	2	Isabel(2)		tzik'ot hinpekal. | tzik'ot hinpek'al.	me traes glotones. | me traes glotones.
xa	2	Isabel(1); Mateo(1)		Malpal xa chi. | xa pojtab'ati.	María decí. | no lo vayas a quebrar.
b'o'o	2	Isabel(1); Mateo(1)		b'o'o. | tzin b'o'o.	hágalo. | lo hago.
oy	2	Isabel(1); Mateo(1)		¡oy!. | 	¡oh!.
b'ajtil	2	Isabel(1); Mateo(1)		b'ajtil ayek' winh jun. | b'ajtil tzonh b'ati?	donde se encuentra él pues. | a donde nos vamos?
yo'ok	2	Isabel(2)		yo'ok. | yo'ok.	sus pies. | sus pies.
yo'	2	Isabel(2)		yo'. | ¡yo'!	¡oh!. | ¡oh!
uyyy	2	Isabel(1); Yeseña(1)		uyyy. | ¡uyyy nok' nono'!	¡uy!. | ¡uyyy el monstro!.
wuk'ab'	2	Isabel(1); Yeseña(1)		ix em wuk'ab'. | ma'ay ni wuk'ab'.	se cayó mi plato. | no aquí esta mi palto.
kuchu'	2	Isabel(2)		hawixta' tzin kuchu'. | tzin kuchu'.	voy a cargar mis juguetes. | lo voy a cargar.
hajun	2	Isabel(2)		hajun tik. | hajun chi'.	es esto. | fue eso o es eso.
hab'i	2	Isabel(1); Yeseña(1)		hab'i. | hab'i tzinach Lusin.	escucha. | oí, silencio Lucía.
wayi'	2	Isabel(1); Yeseña(1)		tzin wayi'. | kon wayi'.	me duermo. | dormimos.
pi	2	Isabel(2)		pi. | pi o pin.	pi. | pi o pin.
pin	2	Isabel(2)		pi o pin. | pin ei.	pi o pin. | pin ei.
tz'i	2	Isabel(2)		tz'i. | tz'i.	perro. | perro.
uy	2	Isabel(1); Yeseña(1)		¡uy! | ¡uy!.	¡uy! | ¡uy!.
tut	2	Isabel(1); Yeseña(1)		tut. | tut.	tut. | frijol.
tol	2	Isabel(1); Yeseña(1)		tol. | tol pat.	tol. | dentro de la casa.
ows	2	Isabel(2)		¡ows! | ¡ows!	¡ows! | ¡oh!
ti'	2	Isabel(1); Yeseña(1)		ti'. | cepillar (b'ik a ti'.	boca. | cepilla.
nini	2	Isabel(2)		nini. | nini.	nini. | nini.
b'i	2	Isabel(1); Mateo(1)		a /b'i. | tas ha b'i ke?	escucha. | como te llamas vos?
hawinh	2	Isabel(1); Yeseña(1)		hawinh. | hawinh.	es él. | es él.
way	2	Isabel(1); Mateo(1)		way. | ix /way ix.	vay. | durmio ella.
tzil	2	Mateo(2)		tzil an wilaria. | tzil nok'.	hay que estar alerta pues vilaria. | hay que ver.
chonh	2	Mateo(1); Yeseña(1)		yo ha'inxo ixin chonh te tik. | chonh	y yo vend√≠ este palo. | tienda.
chen	2	Mateo(2)		chen. | /chen.	saltar. | saltar.
b'ajxumlaj	2	Mateo(2)		b'ajxumlaj. | b'ajxumlaj ix b'ati.	saber d√≥nde. | nose donde se fue.
yemxol	2	Mateo(2)		yemxol winh. | yemxol winh chi.	viene bajando √©l. | viene bajando √©l.
t'achi	2	Mateo(2)		emam kuman t'achi. | t'achi.	incate all√≠. | all√≠.
k'enchi	2	Mateo(2)		chik'ay k'enchi. | /ik'kut k'enchi t'ayin.	all√≠ esta el otro. | traelo ese ami.
ixb'at	2	Mateo(2)		ixb'at nok'. | ixb'at ix ( ).	se fue el perro. | ella se fue, ( ).
t'atik	2	Mateo(2)		lemach t'atik. | tek'kot t'atik.	ven√≠ aqui. | patealo aqui.
ixta'an	2	Mateo(2)		ixta'an. | ixta'an.	ya esta. | all√≠ esta pues.
wa'anh	2	Mateo(1); Yeseña(1)		wa'anh. | nulej wa'anh.	come. | hermana comé.
jelan	2	Mateo(2)		jelan, jelanach V. | jelan.	lista, lista V. | lista.
xchumam	2	Mateo(2)		xchumam an. | xchumam ix.	ah√≠ lo ver√°. | hay lo ver√° ella.
ixtik	2	Mateo(2)		ixtik. | ni ixtik.	as√≠ es. | aqui esta ella.
hachin	2	Mateo(1); Yeseña(1)		hachin tek'ta. | hachin chamk'o'ol.	no te voy a patear. | mi amor.
chi'an	2	Mateo(2)		kak' xikaro chi'an. | kak'xi karo chi'an, kak'xi karo chi.	jugamos carro otra vez. | jugamos carroa otra vez, jugamos carro.
at'achi	2	Mateo(2)		at'achi, at'achi. | at'achi, at'achi.	alli es. | alli es.
wik'	2	Mateo(1); Yeseña(1)		wik' tik. | wik' hex.	este es m√≠o. | son míos.
lamach	2	Mateo(2)		lamach. | lamach.	venga. | ven√≠.
xal	2	Mateo(2)		xal tazun k'en tik. | xal nok'a lopil matin?	y este otro. | M y tu capixay?
skot	2	Mateo(2)		t'ay tik skot ix. | /skot juxo nok'.	traela  ella aqui. | biene el otro.
ini'	2	Mateo(1); Yeseña(1)		ini' ha karro chi' ni'i. | ini' tik'.	aqu√≠ est√° tu carro mira. | aquí está.
nene	2	Mateo(2)		ixtej karro nene¬¥. | ni ha karro nene¬¥.	juega con carro nena. | tu carro nena.
sakarro	2	Mateo(2)		ni sakarro. | sakarro ix.	aqu√≠ est√° su carro. | carro de ella.
tz'upem	2	Mateo(2)		tz'upem (oso) | ni nok' tz'upem.	oso. | mira el oso.
oso	2	Mateo(1); Yeseña(1)		tz'upem (oso) | oso.	oso. | oso.
ixa	2	Mateo(1); Yeseña(1)		kak' ixa nene' | ajpe ay ixa Lucia.	le damos tu nena. | saber donde esta tú Lucia.
chela'	2	Mateo(1); Yeseña(1)		chela' | hin chela'.	tener un ni√±o en los brazos. | lo cargo.
naj	2	Mateo(1); Yeseña(1)		ol el punh naj ix. | ni naj kopat.	se va caer ella. | esto seria nuestra casa.
toxo	2	Mateo(2)		toxo ix wik'a yo. | toxo ixin ochi.	ya lo tengo. | ya entré.
jakxo	2	Mateo(1); Yeseña(1)		wak' jakxo et'ok. | jakxo hinkape.	voy a jugar otro poco contigo. | dame otro poco de café.
et'ok	2	Mateo(2)		wak' jakxo et'ok. | tama'ay manhxo ol wak'laj et'ok.	voy a jugar otro poco contigo. | sino ya no voy a jugar contigo.
sk'eta	2	Mateo(2)		wan sk'eta ix. | sk'eta ix.	ella est√° subiendo. | subir a ella.
yolb'e	2	Mateo(2)		ik'il ix yolb'e. | elanhek yolb'e.	quitala ella en el camino. | quitense en el camino.
b'ela	2	Mateo(2)		manto b'ela. | tanhwej b'ela.	espera por favor. | esperate.
man	2	Mateo(2)		man an. | ola man hin karro chi'!	compralo pues. | vas a comprar mi carro!
ilnab'i	2	Mateo(2)		ilnab'i. | /ilnab'i.	mira. | mira.
yak'an	2	Mateo(2)		yak'an ix ana. | kukuru /yak'an nok'.	hac√≠a ana. | kukuru a si lo hace.
ch'ox	2	Mateo(2)		hin ch'ox hinsat | tik ol hin ch'ox hin sat.	voy a persignar. | voy a persignar.
sat	2	Mateo(1); Yeseña(1)		tik ol hin ch'ox hin sat. | sat.	voy a persignar. | cara.
yowal	2	Mateo(2)		yowal winh ket'ok. | yowal ix./	est√° enojado √©l con nosotros. | esta enojada ella.
sk'e	2	Mateo(1); Yeseña(1)		ta sk'e ix jachkut ix t'ay tik t'ay tik ni. | sk'e te' kopat.	si sube ella, arrastrala ella aqu√≠ aqu√≠ mira . | se construye nuestra casa.
junok	2	Mateo(2)		ak' junok hin tumin. | junok wixta' nunin.	dame un dinero. | mami un mi juguete.
nok'chi'	2	Mateo(2)		in nok'chi'. | /in junxo nok'chi'.	ahi est. | ahi esta el otro.
xo	2	Mateo(1); Yeseña(1)		ha'in xo. | ha'in xo.	ahora yo. | ahora yo.
pilip	2	Mateo(2)		/pilip an. | /ik'kut an /pilip.	apurate pues. | traelo pues apurate.
hijun	2	Mateo(2)		hijun. | hijun ayinb'ati.	sì. | sì slì pues.
mak'	2	Mateo(2)		/mak'. | /mak'.	pegar. | pegar.
yakis	2	Mateo(2)		kak' yakis. | /kak' yakis.	juhuemos diaquis. | juguemos diaquis.
wak'ani	2	Mateo(2)		ichatik /wak'ani. | punh /wak'ani.	asi lo hago. | punh hacìa.
waj	2	Mateo(1); Yeseña(1)		ak' ixim yik waj matin tik. | yuk'ej waj Lukax.	/dae uno a M. | Lucas lo va ha tomar.
tz'uleli	2	Mateo(2)		/tz'uleli. | /tz'uleli.	hayn que pelar | hay que pelar.
tele	2	Mateo(2)		/wil tele. | wil tele.	voa a ver tele.+ M | voy a ver tele.
yo'ol	2	Mateo(1); Yeseña(1)		/ak'im yo'ol. | yo'ol k'o'ol.	ponga adentro. | alimento o comida.
machekel	2	Mateo(1); Yeseña(1)		machekel. | machekel.	nose. | no sé.
sjawi	2	Mateo(1); Yeseña(1)		b'at /kil /sjawi. | mata ix Ewin sjawi.	vamos ir a ver. | no ha llegado E todavia.
chavo	2	Mateo(1); Yeseña(1)		chavo. | wil Chavo del Ocho.	chavo. | voy ha ver Chavo del ocho.
sxanhab'	2	Mateo(2)		sxanhab' winh. | in sxanhab' winh.	zapato de el. | mira los zapatos de el.
chokolate	2	Mateo(1); Yeseña(1)		ay jun ko chokolate. | chokolate.	tenemos un chocolate. | chokolate.
juk'chaj	2	Mateo(2)		ix /juk'chaj nok'. | ix juk'chaj nok'.	lo lavaron. | lo lavaron.
tipat	2	Mateo(2)		t'ay tipat. | t'ay tipat.	en el patio. | en el patio.
chulaj	2	Mateo(2)		tzin chulaj ana. | tzin chulaj A.	voy a orinar ana. | orino A.
xonh	2	Mateo(2)		xonh telwita. | xonh /telwita.	podemos caer. | podemos caer.
telwita	2	Mateo(2)		xonh telwita. | xonh /telwita.	podemos caer. | podemos caer.
olb'at	2	Mateo(2)		olb'at wil ix mama. | olb'at chab' tik.	voy ir a ver a mam·. | se va ir esto.
ik'chajb'at	2	Mateo(2)		ix /ik'chajb'at nok' yoj ellk'um. | ix /ik'chajb'at nok' yoj elk'um.	lo llevaron los ladrones. | lo llevaron los ladrones
yoj	2	Mateo(2)		ix /ik'chajb'at nok' yoj ellk'um. | ix /ik'chajb'at nok' yoj elk'um.	lo llevaron los ladrones. | lo llevaron los ladrones
elk'um	2	Mateo(2)		ix /ik'chajb'at nok' yoj elk'um. | elk'um.	lo llevaron los ladrones | ladron.
tz'el	2	Mateo(2)		tz'el womwa. | tz'el womwa.	sale bomba. | sale bomba
junelxo	2	Mateo(2)		junelxo. | junelxo.	otraves. | otraves.
b'el	2	Mateo(2)		ha t'ay chi', manto b'el. | manto b'el.	es ahi espera. | esperate.
ochi	2	Mateo(1); Yeseña(1)		toxo ixin ochi. | ix ochi.	ya entré. | entro.
tajnok	2	Mateo(2)		hin /tajnok yet' ix. | nunin konh /tajnok.	/juego con ella. | mamá juguemos.
wuk'em	2	Mateo(2)		/ak' wuk'em nunin. | wuk'em.	dame bebida mami. | mi bebida.
yaj	2	Mateo(2)		ichatik yaj nok'. | ichatik yaj hin kalleta.	asi estaba la pelota. | asi está mi galleta.
chawanh	2	Mateo(2)		yo chawanh nok'. | chawanh nok'.	oh son dos pelotas. | son dos pelotas.
mamita	2	Mateo(1); Yeseña(1)		mamita. | mamita.	mamita. | mamita.
kak'och	2	Yeseña(2)		kak'och kopapis. | kak'och ko'och.	torteamos. | torteamos tortilla.
kopapis	2	Yeseña(2)		kak'och kopapis. | ixta ko/wa' kopapis.	torteamos. | ya esta vamos a comer.
ayda	2	Yeseña(2)		Ayda. | Ayda.	Yadira. | Yadira.
is	2	Yeseña(2)		hin b'o han is. | ha'anh is.	arreglemos la papa. | es la papa.
nh	2	Yeseña(2)		nh. | nh.	¡ah!. | ( ).
luchal	2	Yeseña(2)		luchal tek, luchal tek. | luchal tek, luchal tek.	cucharra, cucharra. | cucharra, cucharra.
wake'	2	Yeseña(2)		wake'. | wake'.	seis. | seis.
lajunhe'	2	Yeseña(2)		lajunhe'. | lajunhe'.	diez. | diez.
hinkape	2	Yeseña(2)		i' hinkape. | jakxo hinkape.	si mi café. | dame otro poco de café.
komam	2	Yeseña(2)		xit' winh komam. | winh komam.	fue nuestro papá. | nuestro papá.
oh	2	Yeseña(2)		oh. | ¡oh!.	oh. | ¡oh!.
chavito	2	Yeseña(2)		Chavito Ewin. | Chavito.	E Chavito. | Chavito.
xumak'	2	Yeseña(2)		xumak'. | xumak'.	flor. | flor.
oxe'	2	Yeseña(2)		oxe'. | oxe'.	tres. | tres.
lajwi'	2	Yeseña(2)		wach' lajwi' chimkalil t'a winh. | wach' lajwi' chimkalil.	buenas tardes a él. | buenas tardes.
chimkalil	2	Yeseña(2)		wach' lajwi' chimkalil t'a winh. | wach' lajwi' chimkalil.	buenas tardes a él. | buenas tardes.
lak'	2	Yeseña(2)		lak'. | lak'.	abrazo. | abrazo.
kalnel	2	Yeseña(2)		kalnel. | hanok' kalnel.	oveja. | es la oveja.
kon	2	Yeseña(2)		kon. | kon wayi'.	vamos. | dormimos.
ekis	2	Yeseña(2)		ekis. | ekis.	equis. | equis.
tzachin	2	Yeseña(2)		tzachin chamk'o'olej. | tzachin nib'ej.	te quiero mucho. | quiero.
ak'jak	2	Yeseña(2)		ak'jak hin pan. | b'ajay nok´hinnholob', ak'jak hinnholob'.	dame un poco de pan. | donde esta mi huevo, dame un poco de huevo.
xalach	2	Yeseña(2)		xalach jun. | xalach.	y usted pues. | y usted.
lukax	2	Yeseña(2)		yuk'ej waj Lukax. | Lukax.	Lucas lo va ha tomar. | Lucas.
sb'i	2	Yeseña(2)		sb'i ix. | ichachi' sb'i ix.	el nombre de ella. | eso es el nombre de ella.
hakot	2	Yeseña(2)		hakot. | hakot hinmanasan.	traélo. | damelo mi manzana.
ol'ach	2	Yeseña(2)		Yadira ol'ach k'e ika. | ol'ach k'e ika t'a chi' ni'.	Yadira te subiras en el temascal. | te vas ha subir en el temascal allí ve.
hanhb'al	2	Yeseña(2)		ni' hanhb'al. | tzuk' hanhb'al.	ten tu medicina. | tomas tu medicina.
kani'	2	Yeseña(2)		ix'och kani'. | ix kani'.	entro. | se quedo.
stzuntzej	2	Yeseña(2)		nunin stzuntzej. | stzuntzej nene' mis.	mamá molesta. | molesta el pequeño gatito.
jichan	2	Yeseña(2)		ik'an jichan Ewin. | ek'anh jichan.	E acostate. | acostate.
k'olal	2	Yeseña(2)		yelxo k'olal. | niwan k'olal /ni hatek /ni.	mucho. | perdón tenga tu comida ve.
kawcho	2	Yeseña(2)		kawcho. | kawcho.	plástico. | plástico.
niwan	2	Yeseña(2)		niwan. | niwan k'olal /ni hatek /ni.	mucho, grande. | perdón tenga tu comida ve.
hinnholob'	2	Yeseña(2)		b'ajay nok´hinnholob', ak'jak hinnholob'. | b'ajay nok´hinnholob', ak'jak hinnholob'.	donde esta mi huevo, dame un poco de huevo. | donde esta mi huevo, dame un poco de huevo.
tenga	2	Yeseña(2)		ten o tenga allí. | ten o tenga.	ni' t'ay. | ni'.
bueno	2	Yeseña(2)		bueno. | bueno.	weno. | weno.
medicamento	2	Yeseña(2)		nuestro medicamento. | se viene nuetro medicamento.	kanhb'al. | skot' kanhb'al.
va	2	Yeseña(2)		es que lo va ha tomar. | si va ha ser E.	to syuk'ej. | i' ha' ix Ewin.
donde	2	Yeseña(2)		donde está tu corral. | donde éstas.	b'ajay hamakte'. | b'ajay hach.
corral	2	Yeseña(2)		donde está tu corral. | corral.	b'ajay hamakte'. | makte'.
comida	2	Yeseña(2)		no tengo comida. | mi comida.	malaj hintek. | hintek.
pies	2	Yeseña(2)		mis pies. | mis pies.	wo'ok'. | wo'ok'.
señorita	2	Yeseña(2)		la señorita. | la señorita.	ix kopes. | ix kopes.
casa	2	Yeseña(2)		en la casa de él. | en la casa de él.	t'a sb'at winh. | t'a spat winh.
gorra	2	Yeseña(2)		mi gorra. | la gorra de mi camisa.	hinwonit. | swonital hinkamix.
hakape	2	Yeseña(2)		ni te' hakape. | ni hakape chi'.	ten o tenga tú café. | tenga tú café.
jirafa	2	Yeseña(2)		hanok' jirafa. | jirafa.	es una jirafa. | jirafa.
kokatzitz	2	Yeseña(2)		ni te' kokatzitz tik. | w/ikot t'e kokatzitz.	aquí estan nuestras leñas. | voy a traer nuestras leñas.
wa'i'	2	Yeseña(2)		tzon wa'i'. | tzin wa'i'.	vamos a comer. | comó.
mateo	2	Yeseña(2)		mateo. tello. | mateo (tello).	Mateo. | Mateo.
tello	2	Yeseña(2)		mateo. tello. | mateo (tello).	Mateo. | Mateo.
ikoti	2	Yeseña(2)		/ikoti xin chi. | ikoti.	traígalo digo. | traíga.
xin	2	Yeseña(2)		/ikoti xin chi. | ma'ay xin chi.	traígalo digo. | no digo.
mik	2	Yeseña(2)		s/b'at mik. | wasura (mik).	se va la basura. | basura.
aseyte	2	Yeseña(2)		skal aseyte. | aseyte.	entre aceite. | aceite.
sopa	2	Yeseña(2)		ay sopa. | sopa.	hay sopa. | sopa.
uk'	2	Yeseña(2)		uk' remeyo tik. | /uk' remeyo tik.	tomate esta medicina. | toma la medicina.
wa'ekxi	2	Yeseña(2)		/wa'ekxi. | wa'ekxi.	comer de nuevo. | comer de nuevo.
lusiya	2	Yeseña(2)		ni te' han ana lusiya. | ni ana lusiya /ni.	tenga las pues Ana Lucía. | ten Ana Lucía ve.
barilla	2	Yeseña(2)		barilla. | hat'a barilla.	barilla. | en Barillas.
ayok'ab'	2	Yeseña(2)		ayok'ab' kokape. | ayok'ab' kape, kape.	que aíga nuestra café. | que aíga café, café.
g	2	Yeseña(2)		G. | ni G.	G. | ten G.
au	1	Brendo(1)			
tzun	1	Brendo(1)			
crambola	1	Brendo(1)		crambola.	crambola.
mona	1	Brendo(1)		mona.	mona.
nnn	1	Brendo(1)			
nnnn	1	Brendo(1)			( ).
mono	1	Brendo(1)		mono.	mono.
hak	1	Brendo(1)		hak´en kuchwajum.	es carro.
kuchwajum	1	Brendo(1)		hak´en kuchwajum.	es carro.
hinchej	1	Brendo(1)		ni nok´ hinchej tik.	aquí esta mi caballo.
imm	1	Brendo(1)			imm.
minul	1	Francisco(1)		minul.	quieto.
chul	1	Francisco(1)		chul.	orin.
ha'ch	1	Francisco(1)		ha'ch.	usted.
hikuti	1	Francisco(1)		hikuti.	traelo.
hi'i	1	Francisco(1)		hi'i.	si.
ahay	1	Francisco(1)			
wila'	1	Francisco(1)		ix wila'.	lo ví.
junnhej	1	Francisco(1)		junnhej.	solo uno.
wex	1	Francisco(1)		wex.	pantalon.
ma'a	1	Francisco(1)		ma'a.	no.
stzun	1	Francisco(1)		tzin stzun tzej ix.	ella me molesta mucho
tzej	1	Francisco(1)		tzin stzun tzej ix.	ella me molesta mucho
hiko	1	Francisco(1)		hiko.	es tuyo.
hinkuch	1	Isabel(1)		hinkuch ix han.	la cargo pues.
wib'an	1	Isabel(1)		ak'kot wib'an o ak'kot t'a yich hinpatik.	damelo en la espalda.
yich	1	Isabel(1)		ak'kot wib'an o ak'kot t'a yich hinpatik.	damelo en la espalda.
hinpatik	1	Isabel(1)		ak'kot wib'an o ak'kot t'a yich hinpatik.	damelo en la espalda.
carros	1	Isabel(1)		hann (sonido de los carros).	hann (sonido de los carros).
hannnnnnn	1	Isabel(1)		hann hannnnnnn.	hann hannnnnnn. (sonido de los carros).
sandra	1	Isabel(1)		Sandra.	Sandra.
latnajok	1	Isabel(1)		tz'em punhnajok o tz'em latnajok.	se caé.
wak'och	1	Isabel(1)		wak'och sb'al ix.	le pongo su pañal.
sb'al	1	Isabel(1)		wak'och sb'al ix.	le pongo su pañal.
chel	1	Isabel(1)		chel Xapin.	cargá Sebastián.
machach	1	Isabel(1)		machach.	quién eres.
ewita	1	Isabel(1)		Ewita.	Eulalia.
hinkuxkux	1	Isabel(1)		hinkuxkux.	mi galleta.
isa	1	Isabel(1)		isa o Xepel.	I.
hinpekal	1	Isabel(1)		tzik'ot hinpekal.	me traes glotones.
uuu	1	Isabel(1)		uuu.	uuu.
hinlolo'	1	Isabel(1)		hinlolo' o hinpek'al.	mi glotón.
hinpan	1	Isabel(1)		hinpan.	mi pan.
tzala'	1	Isabel(1)		tzala'.	decí.
hawa'	1	Isabel(1)		hawa'.	agua.
galleta	1	Isabel(1)		galleta (k'uxk'ux).	galleta.
k'uxk'ux	1	Isabel(1)		galleta (k'uxk'ux).	galleta.
awa	1	Isabel(1)		awa.	agua.
hinye'	1	Isabel(1)		weno o hinye'.	bueno.
ayek'	1	Isabel(1)		b'ajtil ayek' winh jun.	donde se encuentra él pues.
xep	1	Isabel(1)		Xep o Xepel.	Isa o I.
kuch	1	Isabel(1)		olin kuch ix.	la voy ha cargar.
yolpat	1	Isabel(1)		yolpat.	dentro de la casa.
ok	1	Isabel(1)		ok.	pies.
lech	1	Isabel(1)		lech.	leche.
hinene'	1	Isabel(1)		hinene'.	mi nene.
uuuu	1	Isabel(1)		uuuu.	uuuu.
uuy	1	Isabel(1)		uuy.	¡uy!.
uyuy	1	Isabel(1)		uyuy.	¡uy!, ¡uy!.
chib'ej	1	Isabel(1)		chib'ej.	carne.
yo'o	1	Isabel(1)		yo'o.	¡oh!.
hawixta'	1	Isabel(1)		hawixta' tzin kuchu'.	voy a cargar mis juguetes.
pekal	1	Isabel(1)		pekal.	glotones.
ixik	1	Isabel(1)		ixik.	vete.
elxo	1	Isabel(1)		jun elxo.	otra vez.
aaaaaaaaaa	1	Isabel(1)		t'a chi', aaaaaaaaaa.	ahí, aaaaaa.
quiere	1	Isabel(1)			
chillar	1	Isabel(1)			
nuevo	1	Isabel(1)			
hijiji	1	Isabel(1)		hijiji nunin ha.	hijiji mamá.
yon	1	Isabel(1)		yon.	¡oh!.
emanhk'ojan	1	Isabel(1)		emanhk'ojan.	sentate.
tzikot	1	Isabel(1)		tzikot hinpek'al.	me traes glotones.
miktak	1	Isabel(1)		miktak o jaktak.	sucio.
jaktak	1	Isabel(1)		miktak o jaktak.	sucio.
jaw	1	Isabel(1)		jaw.	jav.
chanh	1	Isabel(1)		chanh.	alto (altura)
nit	1	Isabel(1)		nit nu.	nit nu.
nu	1	Isabel(1)		nit nu.	nit nu.
nuna	1	Isabel(1)		nuna o nunin.	mami o abuelita.
pu	1	Isabel(1)		pu.	pu.
yu	1	Isabel(1)		yu.	yu.
wip	1	Isabel(1)		wip.	mi fuerza.
sik	1	Isabel(1)		sik.	frío.
fu	1	Isabel(1)		fu.	fu.
junkal	1	Isabel(1)		junkal ix.	uno cal ella.
b'ak	1	Isabel(1)		b'ak.	hueso.
ki	1	Isabel(1)		ki.	qui.
ei	1	Isabel(1)		pin ei.	pin ei.
ayox	1	Isabel(1)		ayox.	adios.
isis	1	Isabel(1)		isis.	tortillas de elote.
yox	1	Isabel(1)		yox.	yox.
plor	1	Isabel(1)		plor.	flor.
pala	1	Isabel(1)		pala.	pala.
me	1	Isabel(1)		me.	me.
tet	1	Isabel(1)		tet.	tet.
pep	1	Isabel(1)		pep.	pep.
che	1	Isabel(1)		che.	che.
ko'	1	Isabel(1)		ko'.	mío.
wa	1	Isabel(1)		wa.	va.
pinh	1	Isabel(1)		pinh.	pin.
dea	1	Isabel(1)		dea.	dea.
ad	1	Isabel(1)		¡ad!	¡ad!
je	1	Isabel(1)		je.	je.
amam	1	Isabel(1)		amam.	amam.
inop	1	Isabel(1)		inop.	inop.
nha	1	Isabel(1)		nha.	casa.
aw	1	Isabel(1)		aw.	av.
ajk'i'i	1	Mateo(1)		ichatik tzin ajk'i'i.	as√≠ voy a pararme.
jawok	1	Mateo(1)		to ol jawok nok.	esque va ha venir un animal.
chak'najok	1	Mateo(1)		ix och chak'najok.	se accident√≥.
tzaxo	1	Mateo(1)		tzaxo hi jarik'i.	ya puedo atracar.
jarik'i	1	Mateo(1)		tzaxo hi jarik'i.	ya puedo atracar.
ch'ayan	1	Mateo(1)		ch'ayan ix.	ella est√° mojado.
wilaria	1	Mateo(1)		tzil an wilaria.	hay que estar alerta pues vilaria.
jechechi	1	Mateo(1)		jechechi.	corre.
k'e'e	1	Mateo(1)		k'e'e.	carro.
telan	1	Mateo(1)		telan.	si pues.
kak'an	1	Mateo(1)		kak'an.	jugamos pues.
tuktuk	1	Mateo(1)		haxo k'en tuktuk.	ahora el tuctuc.
tijchajb'at	1	Mateo(1)		ix tijchajb'at...	se desat√≥...
titiiiiit	1	Mateo(1)		titiiiiit.	( ).
xuhuuuum	1	Mateo(1)		xuhuuuum.	( ).
pum	1	Mateo(1)		pum.	pom.
t'achi'an	1	Mateo(1)		emam kuman t'achi'an.	incate all√≠.
chik'ay	1	Mateo(1)		chik'ay k'enchi.	all√≠ esta el otro.
ixolchaji	1	Mateo(1)		ixolchaji.	se hizo ollo.
vixt	1	Mateo(1)		vixt, xt, vivixt.	vixt, xt, vivixt. (llamando al perro)
xt	1	Mateo(1)		vixt, xt, vivixt.	vixt, xt, vivixt. (llamando al perro)
vivixt	1	Mateo(1)		vixt, xt, vivixt.	vixt, xt, vivixt. (llamando al perro)
xkot	1	Mateo(1)		xkot ch'anh.	viene el lazo.
ch'anh	1	Mateo(1)		xkot ch'anh.	viene el lazo.
olwak'	1	Mateo(1)		olwak' b'at (chuyu)	voy a entregar a ( )
chuyu	1	Mateo(1)		olwak' b'at (chuyu)	voy a entregar a ( )
nok'chi	1	Mateo(1)		ini nok'chi.	all√≠ esta  el perro.
kuxin	1	Mateo(1)		lemach kuxin.	ven√≠, Marcos.
tzi'	1	Mateo(1)		nok' tzi'.	el perro.
chla'	1	Mateo(1)		lemach weno (chla')	Ven√≠, bueno (chla')
antunnn	1	Mateo(1)		antun, antunnn.	Antono, antonio.
ixchel	1	Mateo(1)		tak'wanh Ixchel.	Ixchel contesta.
tzech	1	Mateo(1)		to tzech wa'i.	van ha comer.
cha'	1	Mateo(1)		cha' ( ).	reciba tu ( ).
skot'	1	Mateo(1)		skot' ix.	viene ella.
oooo	1	Mateo(1)		oooo.	oooo.
imitan	1	Mateo(1)		el ni√±o imitan unos sonidos.	el ni√±o imitan unos sonidos.
unos	1	Mateo(1)		el ni√±o imitan unos sonidos.	el ni√±o imitan unos sonidos.
sonidos	1	Mateo(1)		el ni√±o imitan unos sonidos.	el ni√±o imitan unos sonidos.
tajenl	1	Mateo(1)		kak' tajenl, kak' tajnel.	jugamos.
t'achi'	1	Mateo(1)		t'achi'.	all√≠.
hanh'	1	Mateo(1)		hanh hanh'.	( ).
mat	1	Mateo(1)		Mat√≠n.	M .
imita	1	Mateo(1)		imita el sonido del carro.	imita el sonido del carro.
yik'	1	Mateo(1)		nijunxo tik' yik' ( ).	aqui esta otro es de ( ).
kokaro	1	Mateo(1)		nijunxo kokaro tik.	aqui tenemos otro carro.
nijunxi	1	Mateo(1)		nijunxi inkaro tik.	aqui tengo otro carro.
inkaro	1	Mateo(1)		nijunxi inkaro tik.	aqui tengo otro carro.
yoo	1	Mateo(1)		ni'i yoo.	y ahora.
ixochkan	1	Mateo(1)		ixochkan nok'.	se entro lapelota abajo.
tek'an	1	Mateo(1)		tek'an.	patealo pues.
b'ela'	1	Mateo(1)		tanhwej b'ela'.	esperala.
cansancio	1	Mateo(1)		imitando cansancio el ni√±o.	imitando cansancio el ni√±o.
riendo	1	Mateo(1)		riendo el ni√±o.	riendo el ni√±o.
tek'a	1	Mateo(1)		tek'a.	patealo.
tek'kot	1	Mateo(1)		tek'kot t'atik.	patealo aqui.
ixb'atkan	1	Mateo(1)		ixb'atkan nok'.	se fue la pelota.
haaaaa	1	Mateo(1)		haaaaa.	haaaaa.
jii	1	Mateo(1)		jii.	jii.
hooo	1	Mateo(1)		hooo.	oh..
b'at'in	1	Mateo(1)		b'at'in yamnok'.	voy ir a agarrar la pelota.
yamnok'	1	Mateo(1)		b'at'in yamnok'.	voy ir a agarrar la pelota.
elkan	1	Mateo(1)		ix elkan nok' tipat'.	salio la pelota a patio de la casa.
tipat'	1	Mateo(1)		ix elkan nok' tipat'.	salio la pelota a patio de la casa.
ajtil	1	Mateo(1)		ajtil.	donde.
ak'chanhal'an	1	Mateo(1)		ak'chanhal'an, akchanhal.	baila pues, baila.
akchanhal	1	Mateo(1)		ak'chanhal'an, akchanhal.	baila pues, baila.
tek'ta	1	Mateo(1)		hachin tek'ta.	no te voy a patear.
xikaro	1	Mateo(1)		kak' xikaro chi'an.	jugamos carro otra vez.
kixta'an	1	Mateo(1)		kixta'an nun.	nuestro juguete mam√°.
ixixtej	1	Mateo(1)		ha'ach ixixtej.	usted lo destruyo.
olsb'o	1	Mateo(1)		olsb'o ix nunu'.	lo va hacer la mam√°.
nunu'	1	Mateo(1)		olsb'o ix nunu'.	lo va hacer la mam√°.
chullando	1	Mateo(1)		el ni√±o se esta chullando.	el ni√±o se esta chullando.
olacah	1	Mateo(1)		olacah intek'a, akoti'a.	te voy a patear, damelo.
intek'a	1	Mateo(1)		olacah intek'a, akoti'a.	te voy a patear, damelo.
akoti'a	1	Mateo(1)		olacah intek'a, akoti'a.	te voy a patear, damelo.
por	1	Mateo(1)			
juguete	1	Mateo(1)			
juntzantik	1	Mateo(1)		ikot juntzantik nun.	mam√° traeme estos.
olkak	1	Mateo(1)		olkak ha lolo'.	te damos un dulce.
lemaach	1	Mateo(1)		lemaach.	ven√≠.
k	1	Mateo(1)		in junxo k¬¥entik.	aqui esta otro.
entik	1	Mateo(1)		in junxo k¬¥entik.	aqui esta otro.
titiiiit	1	Mateo(1)		titiiiit  haaaannn.	( ).
haaaannn	1	Mateo(1)		titiiiit  haaaannn.	( ).
chelb'at	1	Mateo(1)		in chelb'at k'entik.	lo llevo este.
tazun	1	Mateo(1)		xal tazun k'en tik.	y este otro.
tz'an	1	Mateo(1)		tz'an xapel.	izabela callate.
xapel	1	Mateo(1)		tz'an xapel.	izabela callate.
hixta'	1	Mateo(1)		ni hixta'.	ten√© juguete.
k'ena	1	Mateo(1)		ni k'ena karro ni'i.	mira aqu√≠ esta tu carro.
k'enchi'	1	Mateo(1)		ni k'enchi'	aqui est√°.
kik'illaj	1	Mateo(1)		manto kik'illaj.	no hemos quitado.
wik'i	1	Mateo(1)		wik'i ta k'en.	voy a sacarlo.
ellub'an	1	Mateo(1)		ix ellub'an.	se moj√≥ mucho.
tz	1	Mateo(1)		yo tz√©l k'e'en.	ho se est√° saliendo.
tz'ok'i	1	Mateo(1)		ni'i tz'ok'i ix.	lla ves ella se llora.
manha	1	Mateo(1)		manha tzuntzej ix.	no molestas a ella.
tzuntzej	1	Mateo(1)		manha tzuntzej ix.	no molestas a ella.
laj	1	Mateo(1)		manh ha yam laj ix.	no toque a ella.
schum	1	Mateo(1)		schum ix nene'.	dejemoslo a ella
luchen	1	Mateo(1)		luchen.	saltar.
haan	1	Mateo(1)		haan.	( ).
meltzajanh	1	Mateo(1)		meltzajanh.	date vuelta.
hiye	1	Mateo(1)		hiye.( weno).	esta bien.
tob'at	1	Mateo(1)		ix tob'at k'e'en.	se reg√≥.
wik'a	1	Mateo(1)		toxo ix wik'a yo.	ya lo tengo.
jacha'	1	Mateo(1)		ixin jacha'.	lo arrastr√©.
mukimi	1	Mateo(1)		hin mukimi.	lo voy a esconder.
kik'ita	1	Mateo(1)		kik'ita ix nunin.	sabimosla a ella mam√°.
ek	1	Mateo(1)		ek xuch ix.	llevala  ella adentro..
xuch	1	Mateo(1)		ek xuch ix.	llevala  ella adentro..
weka'	1	Mateo(1)		hach weka'.	te empujo.
manhxalaj	1	Mateo(1)		manhxalaj.	ya no hay.
tom	1	Mateo(1)		¬øyo tom malaj sb'olxaxil k'apak?	¬øa poco  no tiene bolsa?
sb'olxaxil	1	Mateo(1)		¬øyo tom malaj sb'olxaxil k'apak?	¬øa poco  no tiene bolsa?
jach	1	Mateo(1)		jach ix an.	arrastrala a ella entonces.
jachil	1	Mateo(1)		jachil ix.	arrastala a ella.
a'intik	1	Mateo(1)		a'intik, tik tzin b'ati.	yo ya me voy.
tz'in	1	Mateo(1)		tz'in an.	entonces callate.
inye	1	Mateo(1)		inye.	bueno.
tzunin	1	Mateo(1)		ni tzunin...	un mi...
hila'	1	Mateo(1)		ix hila'.	miraste.
ochxi	1	Mateo(1)		tik tzin ochxi.	ya me voy acentro.
ik'il	1	Mateo(1)		ik'il ix yolb'e.	quitala ella en el camino.
elanhek	1	Mateo(1)		elanhek yolb'e.	quitense en el camino.
ellaj	1	Mateo(1)		max ellaj ix.	no sale ella.
k'elaj	1	Mateo(1)		max k'elaj t'ay tik.	no sube aqu√≠.
hek	1	Mateo(1)		elanh hek.	quitense.
titit	1	Mateo(1)		titit.	( ).
hahan	1	Mateo(1)			
pek'	1	Mateo(1)		pek' karro.	( ) de carro
hinye	1	Mateo(1)		hinye.	bueno.
b'aj	1	Mateo(1)		¬øb'aj ti'il?	¬ød√≥nde?
ti'il	1	Mateo(1)		¬øb'aj ti'il?	¬ød√≥nde?
ixitik	1	Mateo(1)		jun ixitik ni'i.	esa galleta mira.
stonh	1	Mateo(1)		hin stonh ix.	aqu√≠ esta su medalla.
haw	1	Mateo(1)		haw. .	mau.
ichachi	1	Mateo(1)		ay ichachi yak'a n ix ana.	hay hac√≠a ana.
yak'a	1	Mateo(1)		ay ichachi yak'a n ix ana.	hay hac√≠a ana.
janchin	1	Mateo(1)			
chin	1	Mateo(1)			
sachb'il	1	Mateo(1)		sachb'il chi'.	all√≠ va dos.
oxe	1	Mateo(1)		oxe chi'.	all√≠ va tres.
kach'ich'	1	Mateo(1)		kach'ich' chi'.	ese cubo (chicle).
hinsat	1	Mateo(1)		hin ch'ox hinsat	voy a persignar.
ket'ok	1	Mateo(1)		yowal winh ket'ok.	est√° enojado √©l con nosotros.
jachkut	1	Mateo(1)		ta sk'e ix jachkut ix t'ay tik t'ay tik ni.	si sube ella, arrastrala ella aqu√≠ aqu√≠ mira .
tzunok	1	Mateo(1)		ak' tzunok hin tumin.	dame un dinero.
punhnaj	1	Mateo(1)		ol em punhnaj ix.	se va ha caer ella.
ma'aya	1	Mateo(1)		ma'aya.	dije que no.
atun	1	Mateo(1)		atun junchi'.	eso es.
anhtik	1	Mateo(1)		in jun anhtik.	aqu√≠ est√° uno.
listo	1	Mateo(1)		listo an.	listo pues.
ikuti	1	Mateo(1)		ikuti.	trelo.
ola	1	Mateo(1)		ola man hin karro chi'!	vas a comprar mi carro!
moklajta'	1	Mateo(1)		moklajta'.	no es ahi.
lus	1	Mateo(1)		ay lus t'a yo.	hay luz adentro.
tinh	1	Mateo(1)		tinh.	tin.
ixila'	1	Mateo(1)		yo ixila'.	oh viste.
sik'k'i'i	1	Mateo(1)		/sik'k'i'i.	recogelo.
yak'in	1	Mateo(1)		ix yak'in yaya'.	me  dolió.
yaya'	1	Mateo(1)		ix yak'in yaya'.	me  dolió.
k'ab'tik	1	Mateo(1)		hin k'ab'tik.	mi mano.
pusipus	1	Mateo(1)		/ilnab' jun pusipus.	mira un globo.
pok'	1	Mateo(1)		pok'.	pum.
ak'a'	1	Mateo(1)		ak'a'.	dale.
yumu'	1	Mateo(1)		/yumu'.	tiralo.
wotinh	1	Mateo(1)		ay nok' wotinh.	ay botas.
ak'imta	1	Mateo(1)		/ak'imta ix.	bajala ella.
tax	1	Mateo(1)		tax!	que!
ak'uch	1	Mateo(1)		/ak'uch t'ay chi'.	entralo ahi.
ixchi'	1	Mateo(1)		in ixchi'.	ahi esta ella.
b't	1	Mateo(1)		b't /b'o hin komida.	ve a hacer mi comida.
komida	1	Mateo(1)		b't /b'o hin komida.	ve a hacer mi comida.
hina	1	Mateo(1)		manh hina tek'a' junxonhej rato weno hayaj ko b'at chi b'i'an.	no me pateas solo un rato buno y nos vamos.
junxonhej	1	Mateo(1)		manh hina tek'a' junxonhej rato weno hayaj ko b'at chi b'i'an.	no me pateas solo un rato buno y nos vamos.
hayaj	1	Mateo(1)		manh hina tek'a' junxonhej rato weno hayaj ko b'at chi b'i'an.	no me pateas solo un rato buno y nos vamos.
b'i'an	1	Mateo(1)		manh hina tek'a' junxonhej rato weno hayaj ko b'at chi b'i'an.	no me pateas solo un rato buno y nos vamos.
k'e'ok	1	Mateo(1)		hin /k'e'ok.	me subo.
julk'e'i	1	Mateo(1)		ko /julk'e'i.	vamos a tirar.
nok'in	1	Mateo(1)		nok'in wol chi'.	mi pelota.
il	1	Mateo(1)		il an.	vea pues.
lolo'a	1	Mateo(1)		hin lolo'a.	mi comida.
lolo	1	Mateo(1)		hin lolo chi'.	mi comida.
swala'	1	Mateo(1)		hin wol swala'.	digo mi pelota.
inchi'	1	Mateo(1)		inchi'.	ahi está.
k'okchaj	1	Mateo(1)		ix /k'okchaj t'a chi'.	se quebrio ahi.
kek	1	Mateo(1)		/kek t'ay tik.	empujamos aqui.
yamek	1	Mateo(1)		/yamek.	agarren.
karamwola	1	Mateo(1)		in karamwola.	mi canica.
mantok	1	Mateo(1)		mantok hin mam.	caso es mi papá.
hun	1	Mateo(1)		hin hun wol.	aqui esta mi pelota.
chi'a	1	Mateo(1)		lemach t'ay chi'a.	venga ahi.
elado	1	Mateo(1)		elado.	helado.
x	1	Mateo(1)			( ).
nhax	1	Mateo(1)			( ).
nha'	1	Mateo(1)			( ).
kelleta	1	Mateo(1)		ha ixim hin kelleta.	una mi galleta.
tz'ulu'	1	Mateo(1)		hin /tz'ulu'.	vo a pelar.
b'atlaj	1	Mateo(1)		manh olin /b'atlaj.	no voy a ir.
ilto	1	Mateo(1)		ilto ne'ik.	quiero ver.
ne'ik	1	Mateo(1)		ilto ne'ik.	quiero ver.
lemachek	1	Mateo(1)		/lemachek an.	vengan pues.
juntzanh	1	Mateo(1)		/al juntzanh ixta chi'.	pesa esos juguetes.
ak'im	1	Mateo(1)		/ak'im yo'ol.	ponga adentro.
tzak'a'	1	Mateo(1)		tzak'a' ni'i.	lo hagas.
k'ulani	1	Mateo(1)		malaj tas wan hin /k'ulani.	no estoy haciendo nada.
skarro	1	Mateo(1)		ha jun skarro ix.	un carro de ella.
ab'isk'e'ul	1	Mateo(1)		ab'isk'e'ul ix.	ahi biene ella.
b'tok	1	Mateo(1)		olin b'tok.	voy a ir.
kil	1	Mateo(1)		b'at /kil /sjawi.	vamos ir a ver.
heb'	1	Mateo(1)		ix b'at heb'.	se fueron.
tete'	1	Mateo(1)		tete'.	juguete.
wilne'ik	1	Mateo(1)		/wilne'ik.	voy a ver.
b'ajayach	1	Mateo(1)		b'ajayach?	donde estas?
kak	1	Mateo(1)		kak/ tajnel chi an.	juguemos pues.
hak'an	1	Mateo(1)		punh /hak'an t'atin.	punh hazlo conmigo.
t'atin	1	Mateo(1)		punh /hak'an t'atin.	punh hazlo conmigo.
jhulnab'i	1	Mateo(1)		/jhulnab'i.	tiralo.
sayin	1	Mateo(1)		/sayin an.	buscame pues.
no'	1	Mateo(1)		/ik'kut no'.	trelo.
yiko'	1	Mateo(1)		ha ix ay yiko'.	es de ella.
pojtab'ati	1	Mateo(1)		xa pojtab'ati.	no lo vayas a quebrar.
chopita	1	Mateo(1)		chopita /yak'ani.	chopita lo hace.
smankut	1	Mateo(1)		smankut ix mama t'ayon.	nos compra la mam· a nosotros.
t'ayon	1	Mateo(1)		smankut ix mama t'ayon.	nos compra la mam· a nosotros.
kampana	1	Mateo(1)		kampana yak'ani.	campana dice.
luch'	1	Mateo(1)		/luch'.	saltar.
juxotik	1	Mateo(1)		juxotik.	el otro.
mercado	1	Mateo(1)		ix b'at ix mercado.	se fue ella al mercado.
junchi	1	Mateo(1)		/in junchi /ni'i.	ahi esta eso mira.
ka'ek	1	Mateo(1)		ka'ek junchi'.	hagamos eso.
mi'i	1	Mateo(1)		/mi'i.	mira.
nok'a	1	Mateo(1)		xal nok'a lopil matin?	M y tu capixay?
lopil	1	Mateo(1)		xal nok'a lopil matin?	M y tu capixay?
ak'kut	1	Mateo(1)		/ak'kut tik an.	dame esto.
smanani	1	Mateo(1)		ha ix /smanani.	ella lo compra.
sman	1	Mateo(1)		sman winhin papa.	mi padre me compra.
ajtej	1	Mateo(1)		/ajtej honh.	sueltenos.
honh	1	Mateo(1)		/ajtej honh.	sueltenos.
manchaji	1	Mateo(1)		ix manchaji.	lo compraron.
jun'elxo	1	Mateo(1)		jun'elxo.	otraves.
inhani	1	Mateo(1)			
stok'ik'	1	Mateo(1)		stok'ik' winh.	me lo quita.
pitnajok	1	Mateo(1)		ix em pitnajok.	se cayÛ.
boxi	1	Mateo(1)		/boxi hin karro tik.	arregla mi carro.
het'ok	1	Mateo(1)		/wak' het'ok.	juego contigo.
kanah	1	Mateo(1)		/kanah.	quedate.
wilem	1	Mateo(1)		wilem ix A.	voy a ver a A.
wilix	1	Mateo(1)		/wilix A.	ver a A.
amanh	1	Mateo(1)		amanh /kuman.	ponete derrodillas.
stak'laj	1	Mateo(1)		max stak'laj ix.	no quiere ella.
len	1	Mateo(1)		/len.	ven.
ellk'um	1	Mateo(1)		ix /ik'chajb'at nok' yoj ellk'um.	lo llevaron los ladrones.
k'eta	1	Mateo(1)		hin /k'eta.	me subo.
ak'k'e'i	1	Mateo(1)		ak'k'e'i.	subelo.
satcha'anh	1	Mateo(1)		ha t'ay satcha'anh.	es en el cielo.
t'inh	1	Mateo(1)		t'inh yak'ani.	se explotÛ.
sjuk'an	1	Mateo(1)		wan sjuk'an ix.	esta lavando ella.
poroskal	1	Mateo(1)		/ilnab' jun poroskal.	mora un farol.
sk'anhi	1	Mateo(1)		/sk'anhi.	suena.
tukilta	1	Mateo(1)		/tukilta wiktik an.	sacalo el mio pues.
wiktik	1	Mateo(1)		/tukilta wiktik an.	sacalo el mio pues.
juntzanhtik	1	Mateo(1)		juntzanhtik.	estas.
flor	1	Mateo(1)		flor.	flor.
tzab'i	1	Mateo(1)		tzab'i.	escuchas.
ayinb'ati	1	Mateo(1)		hijun ayinb'ati.	sì slì pues.
chakxo	1	Mateo(1)		chakxo.	quiero más.
ak'imi	1	Mateo(1)		ak'imi.	dejalo.
ya	1	Mateo(1)		ya.	( ).
tz'ek'i	1	Mateo(1)		tz'ek'i.	pasa.
kaxlanh	1	Mateo(1)		nok' kaxlanh.	la gallina.
skak'	1	Mateo(1)		tas jun skak' chi?	que es lo que hacemos?
kixta'	1	Mateo(1)		kixta'.	nuestro juguete.
sch'ayxi	1	Mateo(1)		sch'ayxi k'e'en.	se moja el carro.
tasum	1	Mateo(1)		¿tasum syil ix?	¿no se que es lo que ella nos vea?
syil	1	Mateo(1)		¿tasum syil ix?	¿no se que es lo que ella nos vea?
juntk	1	Mateo(1)		juntk.	este.
skak'a'	1	Mateo(1)		ha tik skak'a'.	/hagamos esto.
kak'a'	1	Mateo(1)		kak'a'.	juguemos.
wach	1	Mateo(1)		hi wach.	si bien.
junk'entik	1	Mateo(1)		ha junk'entik.	este carro.
cha	1	Mateo(1)		/cha an.	recibelo pues.
juxo	1	Mateo(1)		/skot juxo nok'.	biene el otro.
mami	1	Mateo(1)		mami.	mami.
ayinek'i	1	Mateo(1)		ayinek'i.	estoy.
xepkul	1	Mateo(1)		xepkul.	Izabela.
tek'xi	1	Mateo(1)		/tek'xi an.	patealo pues.
hachi'	1	Mateo(1)		hachi'.	ese.
wet'ok	1	Mateo(1)		/ak' wet'ok an.	juega conmigo pues.
wet'nak	1	Mateo(1)		/wet'nak fut.	llevo fut.
fut	1	Mateo(1)		/wet'nak fut.	llevo fut.
elxita	1	Mateo(1)		/elxita	salió.
ke'nchi'	1	Mateo(1)		/yam ke'nchi'.	agarralo eso.
lista	1	Mateo(1)		lista.	lista.
kukuru	1	Mateo(1)		kukuru /yak'an nok'.	kukuru a si lo hace.
schiwaj	1	Mateo(1)		ha nok' otela schiwaj nok'.	la Otela /ladra
linhan	1	Mateo(1)		tzin k'e linhan.	me pongo de pie.
yallaj	1	Mateo(1)		max yallaj.	no se pude.
ixtata'	1	Mateo(1)		ixtata'.	ya.
paxi	1	Mateo(1)		tzonh /paxi.	nos regresamos.
junnxo	1	Mateo(1)		haxo junnxo k'e'en.	ahora el otro.
yes	1	Mateo(1)		yes ketzal.	diez quetzal.
ketzal	1	Mateo(1)		yes ketzal.	diez quetzal.
b'ati'il	1	Mateo(1)		b'ati'il.	dónde.
k'ux	1	Mateo(1)		hi /k'ux jun kalleta tik.	voy a comer esta galleta.
kayeta	1	Mateo(1)		kayeta.	galleta.
manah	1	Mateo(1)		manah /yam an.	no lo agarras  pues.
soldado	1	Mateo(1)		ha hin soldado.	es mi soldado.
tama'ay	1	Mateo(1)		tama'ay manhxo ol wak'laj et'ok.	sino ya no voy a jugar contigo.
wak'laj	1	Mateo(1)		tama'ay manhxo ol wak'laj et'ok.	sino ya no voy a jugar contigo.
hiko'	1	Mateo(1)		hiko'.	tuyo.
nitik	1	Yeseña(1)		nitik.	aquí está.
ak'b'at	1	Yeseña(1)		ak'b'at skalnaji'.	mete dentro de.
skalnaji'	1	Yeseña(1)		ak'b'at skalnaji'.	mete dentro de.
paj'ich	1	Yeseña(1)		hanh paj'ich.	el tomate.
wiko	1	Yeseña(1)		wiko ha'in tik.	es mío.
ah	1	Yeseña(1)		ah.	¡ah.
tak'wan	1	Yeseña(1)		ni tak'wan.	contesta.
emk'ojanh	1	Yeseña(1)		olin emk'ojanh.	me voy a sentar.
cepillar	1	Yeseña(1)		cepillar (b'ik a ti'.	cepilla.
b'ik	1	Yeseña(1)		cepillar (b'ik a ti'.	cepilla.
kikko	1	Yeseña(1)		kikko tik.	esto es nuestro.
ha'achxo	1	Yeseña(1)		ha'achxo.	ahora usted.
machpe	1	Yeseña(1)		machpe junokxo.	quien quiere ser el otro.
junokxo	1	Yeseña(1)		machpe junokxo.	quien quiere ser el otro.
lesal	1	Yeseña(1)		lesal (mamin)	oración (papá)
yooo	1	Yeseña(1)		yooo!.	¡ooooh!.
chamk'o'ol	1	Yeseña(1)		hachin chamk'o'ol.	mi amor.
snhach	1	Yeseña(1)		snhach.	mordeo.
juk'wan	1	Yeseña(1)		juk'wan.	laba ropa.
tenek'i	1	Yeseña(1)		tenek'i.	pasalo.
wa'ach	1	Yeseña(1)		wa'ach.	esta bueno.
b'olxax	1	Yeseña(1)		b'olxax.	bolsa.
swuk'a'	1	Yeseña(1)		swuk'a'.	quiero tomar agua.
mmmmmmm	1	Yeseña(1)		mmmmmmm.	mmmmmmm.
huk'ab'	1	Yeseña(1)		ni huk'ab'.	ahí esta tu plato.
tzanh	1	Yeseña(1)		ni tzanh tik.	aquí estan estos.
swa'	1	Yeseña(1)		swa'.	come.
hab'lej	1	Yeseña(1)		ni hab'lej.	tenga proba.
swak'ek'	1	Yeseña(1)		swak'ek' xapon t'ay.	le paso el jabón.
pistola'	1	Yeseña(1)		pistola'.	pistola de arma.
chonhxi	1	Yeseña(1)		chonhxi te'.	vendelo otra vez.
sutsumb'a	1	Yeseña(1)		ixim sutsumb'a wa'il.	las tortillas pequeñas o pixtón.
oye'	1	Yeseña(1)		oye'.	cinco.
cha'a	1	Yeseña(1)		cha'a.	recibilo.
uk'ab'	1	Yeseña(1)		uk'ab'.	plato.
ti'ak'tak	1	Yeseña(1)		ti'ak'tak.	Aldea Ti'ak'tak.
woktak	1	Yeseña(1)		woktak.	yo sé.
syuk'	1	Yeseña(1)		syuk' anhb'al.	va a tomar medicina.
eli'	1	Yeseña(1)		ix eli'.	salió.
tontik	1	Yeseña(1)		icha tontik.	eso así es.
olach	1	Yeseña(1)		olach k'e ika.	te vas a subir en el temascal.
ixach	1	Yeseña(1)		ixach k'e ika.	te subiste en el temascal
hika	1	Yeseña(1)		hika.	tu temascal.
jechechi'	1	Yeseña(1)		jechechi' Ewin.	apurate E.
yajek'	1	Yeseña(1)		yajek' chi'.	ahí esta.
wal	1	Yeseña(1)		ol wal yab' ix nun.	le voy a decir con mamá.
yab'	1	Yeseña(1)		ol wal yab' ix nun.	le voy a decir con mamá.
woch	1	Yeseña(1)		woch.	mi tortilla.
xit'	1	Yeseña(1)		xit' winh komam.	fue nuestro papá.
choj	1	Yeseña(1)		choj.	león.
im	1	Yeseña(1)		im.	pecho.
him	1	Yeseña(1)		ni him.	tenga tu pecho.
wiltone'ik	1	Yeseña(1)		m wiltone'ik.	aver voy ha ver.
wonh	1	Yeseña(1)		wonh.	mi aguacate.
b'ay	1	Yeseña(1)		ix b'ay winh hinmam t'a Yulch'en.	se fue mi papá en la Aldea Yulch'en.
kal	1	Yeseña(1)		kal.	nuestra agua.
kik'	1	Yeseña(1)		b'at kik' hakal.	vamos a traer nuestra agua.
hakal	1	Yeseña(1)		b'at kik' hakal.	vamos a traer nuestra agua.
swaso	1	Yeseña(1)		swaso han.	vaso pues.
ol'il	1	Yeseña(1)		ol'il k'ana'.	lo voy ha usar.
k'ana'	1	Yeseña(1)		ol'il k'ana'.	lo voy ha usar.
k'ab'	1	Yeseña(1)		k'ab'.	mano.
chitam	1	Yeseña(1)		chitam.	cerdo.
tajni	1	Yeseña(1)		tzin tajni.	juego.
ese	1	Yeseña(1)		ese.	ese.
paj	1	Yeseña(1)		te paj.	es muy ácido.
efe	1	Yeseña(1)		efe.	efe.
hinxumak'	1	Yeseña(1)		ni' hanh hinxumak'.	aquí está mi flor.
pim	1	Yeseña(1)		malaj pim.	no hay pim.
sway	1	Yeseña(1)		sway nok'.	duerme el.
pixan	1	Yeseña(1)		pixan.	corazón.
sanahoria	1	Yeseña(1)		sanahoria.	zanahoria.
kuchin	1	Yeseña(1)		kuchin nun.	cargame mamá.
yichil	1	Yeseña(1)		yichil.	su chile o picante.
juytej	1	Yeseña(1)		juytej ni'.	menea ve.
hinxanhab'	1	Yeseña(1)		malaj hinxanhab'.	no tengo zapato.
wayok	1	Yeseña(1)		konh wayok.	vammos ha dormir.
chejtak	1	Yeseña(1)		chejtak.	sucio.
axpel	1	Yeseña(1)		Axpel.	L.
swayi	1	Yeseña(1)		swayi.	se duerme.
stz'ok'i	1	Yeseña(1)		stz'ok'i.	llora.
chamk'o'olej	1	Yeseña(1)		tzachin chamk'o'olej.	te quiero mucho.
ak'jakwiko'	1	Yeseña(1)		Ewin ak'jakwiko'.	E me das algo.
ak'in	1	Yeseña(1)		ak'in kape han.	dame café pues.
uk'anok	1	Yeseña(1)		ha ix Ewin ol uk'anok.	E lo va ha tomar.
yuk'ej	1	Yeseña(1)		yuk'ej waj Lukax.	Lucas lo va ha tomar.
hinyam	1	Yeseña(1)		hinyam anh.	lo agarro.
ichachi'	1	Yeseña(1)		ichachi' sb'i ix.	eso es el nombre de ella.
paxo	1	Yeseña(1)		Paxo.	Paxo (es un apodo).
jacinto	1	Yeseña(1)		Jacinto.	Jacinto.
fzin	1	Yeseña(1)		fzin b'ati.	me voy.
hapat	1	Yeseña(1)		yol hapat.	dentro de tu casa.
ix'och	1	Yeseña(1)		ix'och kani'.	entro.
chaman	1	Yeseña(1)		chaman.	muerete.
ik'an	1	Yeseña(1)		ik'an jichan Ewin.	E acostate.
sk'o'ol	1	Yeseña(1)		ya' sk'o'ol ix.	le duele el estomago.
wanh	1	Yeseña(1)		tzon k'e wanh.	nos levantamos.
kob'itz'och	1	Yeseña(1)		kob'itz'och ko'och.	torteamos nuestra tortilla.
k'o'ol	1	Yeseña(1)		yo'ol k'o'ol.	alimento o comida.
batido	1	Yeseña(1)		batido.	batido (pan).
preciosa	1	Yeseña(1)		ix preciosa.	la preciosa.
ton	1	Yeseña(1)		icha ton chi'.	eso.
nib'ej	1	Yeseña(1)		tzachin nib'ej.	quiero.
yelxo	1	Yeseña(1)		yelxo k'olal.	mucho.
koyamlaj	1	Yeseña(1)		weno manh ol koyamlaj.	bueno no lo vamos ha tocar.
masanil	1	Yeseña(1)		masanil.	todo.
ocho	1	Yeseña(1)		wil Chavo del Ocho.	voy ha ver Chavo del ocho.
hinmanasan	1	Yeseña(1)		hakot hinmanasan.	damelo mi manzana.
kuchulub'	1	Yeseña(1)		kuchulub'.	cuchillo.
kitaj	1	Yeseña(1)		han  kitaj.	nuestra hierva.
wayi	1	Yeseña(1)		tzon wayi.	vamos ha dormir.
kanh	1	Yeseña(1)		kanh.	nuestra planta, (hierva).
kochay	1	Yeseña(1)		nok' kochay.	nuestro pescado.
ok'	1	Yeseña(1)		ni' t'a ok'.	ve allí en tus pies.
kok'enchen	1	Yeseña(1)		kok'enchen ni'.	nuestra olla metal ve.
b'atin	1	Yeseña(1)		b'atin cha'a'.	voy ir ha traerlo.
cha'a'	1	Yeseña(1)		b'atin cha'a'.	voy ir ha traerlo.
kotek	1	Yeseña(1)		kotek.	nuestra comida.
tzuk'	1	Yeseña(1)		tzuk' hanhb'al.	tomas tu medicina.
konun	1	Yeseña(1)		nulej ix konun chi' jun.	hermana nuestra madre pues.
xaltenh	1	Yeseña(1)		xaltenh.	sartén.
ak'jun	1	Yeseña(1)		Ewin ak'jun hin mansan.	E dame una manzana.
tzinway	1	Yeseña(1)		tzinway ha'in tik.	yo voy ha dormir.
chekan	1	Yeseña(1)		mach chekan o ha'lak'an.	eso le pasa por.
ha'lak'an	1	Yeseña(1)		mach chekan o ha'lak'an.	eso le pasa por.
xila	1	Yeseña(1)		yune' xila.	pequeña silla.
nen'e'	1	Yeseña(1)		nen'e'.	bebe o nene.
sonok'	1	Yeseña(1)		sonok'.	nido de animales.
konholob'	1	Yeseña(1)		konholob'.	nuestro huevo.
tzoch	1	Yeseña(1)		tzoch ko'och.	vamos ha tortear (tortillas).
yo'och	1	Yeseña(1)		yo'och.	su tortilla.
snholob'	1	Yeseña(1)		nok' snholob' ix Yadira.	el huevo de Yadira.
hihi	1	Yeseña(1)		hihi ni' ix Yadira.	¡eh! mira ha Yadira.
chine'ik'	1	Yeseña(1)		chine'ik'.	ahora mismo.
luchil	1	Yeseña(1)		luchil tek.	cucharra.
allí	1	Yeseña(1)		ten o tenga allí.	ni' t'ay.
nuestro	1	Yeseña(1)		nuestro medicamento.	kanhb'al.
que	1	Yeseña(1)		es que lo va ha tomar.	to syuk'ej.
lo	1	Yeseña(1)		es que lo va ha tomar.	to syuk'ej.
tomar	1	Yeseña(1)		es que lo va ha tomar.	to syuk'ej.
viene	1	Yeseña(1)		se viene nuetro medicamento.	skot' kanhb'al.
nuetro	1	Yeseña(1)		se viene nuetro medicamento.	skot' kanhb'al.
nos	1	Yeseña(1)		nos dormimos.	konh wayi.
dormimos	1	Yeseña(1)		nos dormimos.	konh wayi.
tu	1	Yeseña(1)		donde está tu corral.	b'ajay hamakte'.
deja	1	Yeseña(1)		deja en mi lado.	ak'em t'a hintzeya'.
lado	1	Yeseña(1)		deja en mi lado.	ak'em t'a hintzeya'.
tengo	1	Yeseña(1)		no tengo comida.	malaj hintek.
ven	1	Yeseña(1)		ven o vení.	lem.
vení	1	Yeseña(1)		ven o vení.	lem.
tía	1	Yeseña(1)		tía.	ix wicham.
usted	1	Yeseña(1)		es usted.	ha'ach.
ser	1	Yeseña(1)		si va ha ser E.	i' ha' ix Ewin.
otro	1	Yeseña(1)		otro.	junxo.
regresaste	1	Yeseña(1)		E regresaste.	Ewin ixach jaxi.
trasero	1	Yeseña(1)		trasero (nalgas).	yo'op.
nalgas	1	Yeseña(1)		trasero (nalgas).	yo'op.
cabeza	1	Yeseña(1)		mi cabeza.	hinjolom.
nariz	1	Yeseña(1)		mi nariz.	hinhi'.
boca	1	Yeseña(1)		mi boca.	hinti'.
ojos	1	Yeseña(1)		mis ojos.	yol hinsat.
éstas	1	Yeseña(1)		donde éstas.	b'ajay hach.
mano	1	Yeseña(1)		mi mano.	hink'ab'.
estomago	1	Yeseña(1)		en mi estomago (panza).	t'a snhi' hinko'ol.
panza	1	Yeseña(1)		en mi estomago (panza).	t'a snhi' hinko'ol.
maría	1	Yeseña(1)		la nena de María.	ix nene' ix Tatey (Malin).
carlos	1	Yeseña(1)		he Carlos.	winhaj Karlos.
aldea	1	Yeseña(1)		en la Aldea Yolonhte'.	ta' Yolonhte'.
gancho	1	Yeseña(1)		mi gancho.	k'en hingancho.
ve	1	Yeseña(1)		ve mis orejas.	ni' hinchikin.
orejas	1	Yeseña(1)		ve mis orejas.	ni' hinchikin.
camisa	1	Yeseña(1)		la gorra de mi camisa.	swonital hinkamix.
lópez	1	Yeseña(1)		M López.	Mat Lopis.
hayek'	1	Yeseña(1)		hayek' ix t'a Yulch'en.	ella se encuentra en Yulch'en.
xantex	1	Yeseña(1)		Malin Xantex.	María.
hixin	1	Yeseña(1)		hixin nun chichim.	mi abuelita.
munlajel	1	Yeseña(1)		ix b'at ix munlajel.	ella se fue a trabajar.
lucía	1	Yeseña(1)		Lucía.	Lucía.
ajpe	1	Yeseña(1)		ajpe ay ixa Lucia.	saber donde esta tú Lucia.
lucia	1	Yeseña(1)		ajpe ay ixa Lucia.	saber donde esta tú Lucia.
mata	1	Yeseña(1)		mata ix Ewin sjawi.	no ha llegado E todavia.
kob'ikel	1	Yeseña(1)		kob'ikel kuk'ab'.	vamos a lavar nuestros platos.
kuk'ab'	1	Yeseña(1)		kob'ikel kuk'ab'.	vamos a lavar nuestros platos.
xuma'ak	1	Yeseña(1)		xuma'ak.	flor o rosa.
hatas	1	Yeseña(1)		hatas jun hinb'ika'.	era eso que yo lavé.
hinb'ika'	1	Yeseña(1)		hatas jun hinb'ika'.	era eso que yo lavé.
pe	1	Yeseña(1)		pe.	pe.
tzinach	1	Yeseña(1)		hab'i tzinach Lusin.	oí, silencio Lucía.
xchumama'	1	Yeseña(1)		xchumama'.	dejalo.
syak'	1	Yeseña(1)		tas syak' ix Katal t'ayach.	que es lo que Catarina te dá.
t'ayach	1	Yeseña(1)		tas syak' ix Katal t'ayach.	que es lo que Catarina te dá.
tatey	1	Yeseña(1)		ix yune' ix Malin Tatey.	la hija de María.
hawajanh	1	Yeseña(1)		hawajanh.	llama pues.
hex	1	Yeseña(1)		wik' hex.	son míos.
sik'b'at	1	Yeseña(1)		/sik'b'at /kowa'el tik.	guarda nuestro comida.
kowa'el	1	Yeseña(1)		/sik'b'at /kowa'el tik.	guarda nuestro comida.
tanhwejb'el	1	Yeseña(1)		/tanhwejb'el.	espera.
tzawtej	1	Yeseña(1)		ha ix Yadira tzawtej.	a Yadira la estas llamando.
wuka'b'	1	Yeseña(1)		wuka'b'.	mi plato.
hukak'ab'	1	Yeseña(1)		ikot hukak'ab'.	traíga tú plato.
yujwal	1	Yeseña(1)		yujwal yos.	gracias.
yos	1	Yeseña(1)		yujwal yos.	gracias.
yuk'	1	Yeseña(1)		s/yuk' yuk'em nok'.	toma su atol el animal.
yuk'em	1	Yeseña(1)		s/yuk' yuk'em nok'.	toma su atol el animal.
kik'an	1	Yeseña(1)		hato kik'an.	hasta mañana.
hate'	1	Yeseña(1)		ni te' hate'.	ten tú palo.
siete	1	Yeseña(1)		siete, (huke').	siete.
norte	1	Yeseña(1)		norte.	norte (EE.UU)
ayto	1	Yeseña(1)		/ayto ko'och.	tenemos tortillas todavia.
papito	1	Yeseña(1)		papito.	papito.
hata	1	Yeseña(1)		hata tik t'a xela.	fue allí en Xela.
meslab'	1	Yeseña(1)		meslab'.	escoba.
skan	1	Yeseña(1)		skan ix.	se queda ella.
chukin	1	Yeseña(1)		chukin ha'in tik.	yo soy mala.
kik	1	Yeseña(1)		kik te' pat.	la casa es nuestra.
ilmab'i	1	Yeseña(1)		ilmab'i.	observa.
skutej	1	Yeseña(1)		skutej.	lo hagamos.
yel	1	Yeseña(1)		wan yel yik ix.	se ésta saliendo la de ella.
ha'anh	1	Yeseña(1)		ha'anh is.	es la papa.
skal	1	Yeseña(1)		skal aseyte.	entre aceite.
lajwi	1	Yeseña(1)		lajwi.	termino.
tz'atab'at	1	Yeseña(1)		tz'atab'at anh.	que no se vaya a quemar (la papa).
tz'ab'at	1	Yeseña(1)		tz'ab'at te'.	se quema (se refiere a un palo)
yo'op	1	Yeseña(1)		yo'op.	nalgas o trasero.
chawo	1	Yeseña(1)		chawo.	chavo.
yego	1	Yeseña(1)		yego (Yakin)	D.
yakin	1	Yeseña(1)		yego (Yakin)	D.
maria	1	Yeseña(1)		maria.	María.
vine	1	Yeseña(1)		vine t'ay.	vine en.
wasura	1	Yeseña(1)		wasura (mik).	basura.
kokuchara	1	Yeseña(1)		k'en kokuchara.	nuestra cucharra.
niwak	1	Yeseña(1)		icha nok' niwak nono'.	es como los monstros grandes.
yolchanh	1	Yeseña(1)		hi' yolchanh.	
schumama'	1	Yeseña(1)		schumama'.	
takok	1	Yeseña(1)		takok.	secarse.
lokan	1	Yeseña(1)		lokan k'apak.	colgarla (ropa)
marta	1	Yeseña(1)		marta ayek'i.	esta  Marta.
ayek'i	1	Yeseña(1)		marta ayek'i.	esta  Marta.
dulse	1	Yeseña(1)		dulse.	dulce.
ek'anh	1	Yeseña(1)		ek'anh jichan.	acostate.
b'oxi	1	Yeseña(1)		b'oxi.	recuperas.
ixon	1	Yeseña(1)		to ixon meswi.	es que barrimos.
meswi	1	Yeseña(1)		to ixon meswi.	es que barrimos.
karlo	1	Yeseña(1)		karlo.	C.
hintete'	1	Yeseña(1)		¡hi!, ni hintete'.	¡ih!, ten mi juguete.
quiero	1	Yeseña(1)		te quiero mucho.	te quiero mucho.
mucho	1	Yeseña(1)		te quiero mucho.	te quiero mucho.
chanhal	1	Yeseña(1)		/chanhal.	baile.
ochanhkoti	1	Yeseña(1)		/ochanhkoti.	entra.
memeyo	1	Yeseña(1)		memeyo.	medicina.
pacha	1	Yeseña(1)		pacha.	biberón.
b'ika'	1	Yeseña(1)		/b'ika'.	lava.
ek'	1	Yeseña(1)		ol ek' remeyo t'ayex.	les va ha pasar medicina.
t'ayex	1	Yeseña(1)		ol ek' remeyo t'ayex.	les va ha pasar medicina.
ya'k'ol	1	Yeseña(1)		ya'k'ol mis.	dolor de estomago gato.
pitz	1	Yeseña(1)		pitz ix nene'.	desperta la nena.
sti'	1	Yeseña(1)		yol sti' ix.	en la boca de ella.
chamok	1	Yeseña(1)		/chamok.	morir.
cham	1	Yeseña(1)		/cham nene'.	muere nena.
w	1	Yeseña(1)		w/ikot t'e kokatzitz.	voy a traer nuestras leñas.
t'e	1	Yeseña(1)		w/ikot t'e kokatzitz.	voy a traer nuestras leñas.
sko	1	Yeseña(1)		to sko/b'o te' kopat.	es que vamos a hacer nuestra casa.
kochixi	1	Yeseña(1)		hanok' ol /kochixi.	es lo que vamos a comer de nuevo.
wutej	1	Yeseña(1)		wutej nok'.	lo voy hacer.
junhej	1	Yeseña(1)		junhej rato.	es de un rato nomás.
kito	1	Yeseña(1)		kito chi'.	traíga eso.
mariya	1	Yeseña(1)		mariya.	María.
k'ikanh	1	Yeseña(1)		k'ikanh.	mañana.
hatzun	1	Yeseña(1)		hatzun.	es un.
jawi	1	Yeseña(1)		s/jawi.	viene.
waso	1	Yeseña(1)		waso L.	vaso A.
mero	1	Yeseña(1)		mero.	mero.
pap	1	Yeseña(1)		pap.	pap.
ayum	1	Yeseña(1)		ayum payu.	ayum payu.
payu	1	Yeseña(1)		ayum payu.	ayum payu.
tulumpu	1	Yeseña(1)		ini tulumpu.	ve trompo.
pawo	1	Yeseña(1)		pawo.	pavo.
sja	1	Yeseña(1)		sja winh papa.	viene el papá.
